Freq [GHz],"im(S(1,1)) []","re(S(1,1)) []","im(S(2,1)) []","re(S(2,1)) []"
40.000000000000,-0.60901045799255,	-0.55991446971893,0.28981289267540	,-0.48613250255585
40.060001373291,-0.60175907611847,	-0.56523919105530,0.29597356915474	,-0.48524221777916
40.119998931885,-0.59446221590042,	-0.57046878337860,0.30213794112206	,-0.48427030444145
40.180000305176,-0.58712136745453,	-0.57560229301453,0.30830499529839	,-0.48321676254272
40.240001678467,-0.57973766326904,	-0.58063971996307,0.31447333097458	,-0.48208135366440
40.299999237061,-0.57231241464615,	-0.58558070659637,0.32064229249954	,-0.48086401820183
40.360000610352,-0.56484693288803,	-0.59042519330978,0.32681027054787	,-0.47956514358521
40.419998168945,-0.55734270811081,	-0.59517240524292,0.33297643065453	,-0.47818452119827
40.479999542236,-0.54980075359344,	-0.59982293844223,0.33913958072662	,-0.47672206163406
40.540000915527,-0.54222249984741,	-0.60437577962875,0.34529864788055	,-0.47517773509026
40.599998474121,-0.53460913896561,	-0.60883140563965,0.35145235061646	,-0.47355198860168
40.659999847412,-0.52696222066879,	-0.61318916082382,0.35759994387627	,-0.47184434533119
40.720001220703,-0.51928263902664,	-0.61744904518127,0.36373984813690	,-0.47005537152290
40.779998779297,-0.51157206296921,	-0.62161093950272,0.36987140774727	,-0.46818488836288
40.840000152588,-0.50383162498474,	-0.62567478418350,0.37599313259125	,-0.46623334288597
40.900001525879,-0.49606254696846,	-0.62964046001434,0.38210421800613	,-0.46420025825500
40.959999084473,-0.48826617002487,	-0.63350784778595,0.38820344209671	,-0.46208634972572
41.020000457764,-0.48044359683990,	-0.63727706670761,0.39428988099098	,-0.45989125967026
41.080001831055,-0.47259637713432,	-0.64094775915146,0.40036213397980	,-0.45761564373970
41.139999389648,-0.46472561359406,	-0.64452004432678,0.40641927719116	,-0.45525956153870
41.200000762939,-0.45683264732361,	-0.64799374341965,0.41246041655540	,-0.45282304286957
41.259998321533,-0.44891867041588,	-0.65136927366257,0.41848427057266	,-0.45030641555786
41.319999694824,-0.44098496437073,	-0.65464609861374,0.42448985576630	,-0.44770991802216
41.380001068115,-0.43303281068802,	-0.65782475471497,0.43047603964806	,-0.44503363966942
41.439998626709,-0.42506331205368,	-0.66090500354767,0.43644186854362	,-0.44227802753448
41.500000000000,-0.41707786917686,	-0.66388696432114,0.44238615036011	,-0.43944326043129
41.560001373291,-0.40907773375511,	-0.66677069664001,0.44830796122551	,-0.43652975559235
41.619998931885,-0.40106400847435,	-0.66955620050430,0.45420634746552	,-0.43353754281998
41.680000305176,-0.39303785562515,	-0.67224389314651,0.46007990837097	,-0.43046709895134
41.740001678467,-0.38500070571899,	-0.67483359575272,0.46592792868614	,-0.42731878161430
41.799999237061,-0.37695375084877,	-0.67732560634613,0.47174942493439	,-0.42409294843674
41.860000610352,-0.36889815330505,	-0.67972016334534,0.47754326462746	,-0.42078971862793
41.919998168945,-0.36083480715752,	-0.68201720714569,0.48330843448639	,-0.41740968823433
41.979999542236,-0.35276550054550,	-0.68421697616577,0.48904383182526	,-0.41395318508148
42.040000915527,-0.34469088912010,	-0.68631976842880,0.49474862217903	,-0.41042038798332
42.099998474121,-0.33661252260208,	-0.68832576274872,0.50042194128036	,-0.40681201219559
42.159999847412,-0.32853126525879,	-0.69023525714874,0.50606244802475	,-0.40312829613686
42.220001220703,-0.32044842839241,	-0.69204837083817,0.51166945695877	,-0.39936980605125
42.279998779297,-0.31236535310745,	-0.69376528263092,0.51724183559418	,-0.39553675055504
42.340000152588,-0.30428305268288,	-0.69538640975952,0.52277874946594	,-0.39162969589233
42.400001525879,-0.29620230197906,	-0.69691216945648,0.52827912569046	,-0.38764923810959
42.459999084473,-0.28812482953072,	-0.69834256172180,0.53374212980270	,-0.38359576463699
42.520000457764,-0.28005138039589,	-0.69967812299728,0.53916674852371	,-0.37946960330009
42.580001831055,-0.27198362350464,	-0.70091885328293,0.54455208778381	,-0.37527137994766
42.639999389648,-0.26392182707787,	-0.70206552743912,0.54989725351334	,-0.37100142240524
42.700000762939,-0.25586763024330,	-0.70311814546585,0.55520123243332	,-0.36666074395180
42.759998321533,-0.24782206118107,	-0.70407730340958,0.56046336889267	,-0.36224913597107
42.819999694824,-0.23978616297245,	-0.70494323968887,0.56568241119385	,-0.35776785016060
42.880001068115,-0.23176115751266,	-0.70571643114090,0.57085764408112	,-0.35321700572968
42.939998626709,-0.22374793887138,	-0.70639705657959,0.57598829269409	,-0.34859737753868
43.000000000000,-0.21574741601944,	-0.70698583126068,0.58107340335846	,-0.34390926361084
43.060001373291,-0.20776103436947,	-0.70748305320740,0.58611196279526	,-0.33915376663208
43.119998931885,-0.19978964328766,	-0.70788908004761,0.59110343456268	,-0.33433073759079
43.180000305176,-0.19183428585529,	-0.70820438861847,0.59604674577713	,-0.32944157719612
43.240001678467,-0.18389604985714,	-0.70842945575714,0.60094106197357	,-0.32448631525040
43.299999237061,-0.17597590386868,	-0.70856475830078,0.60578572750092	,-0.31946557760239
43.360000610352,-0.16807472705841,	-0.70861077308655,0.61057972908020	,-0.31438031792641
43.419998168945,-0.16019371151924,	-0.70856803655624,0.61532247066498	,-0.30923116207123
43.479999542236,-0.15233385562897,	-0.70843690633774,0.62001287937164	,-0.30401843786240
43.540000915527,-0.14449596405029,	-0.70821791887283,0.62465041875839	,-0.29874315857887
43.599998474121,-0.13668122887611,	-0.70791178941727,0.62923431396484	,-0.29340565204620
43.659999847412,-0.12889042496681,	-0.70751887559891,0.63376355171204	,-0.28800690174103
43.720001220703,-0.12112451344728,	-0.70703971385956,0.63823765516281	,-0.28254762291908
43.779998779297,-0.11338461190462,	-0.70647490024567,0.64265567064285	,-0.27702805399895
43.840000152588,-0.10567134618759,	-0.70582497119904,0.64701712131500	,-0.27144935727119
43.900001525879,-0.097985982894897,	-0.70509052276611,0.65132087469101	,-0.26581203937531
43.959999084473,-0.090329103171825,	-0.70427215099335,0.65556663274765	,-0.26011675596237
44.020000457764,-0.082701966166496,	-0.70337039232254,0.65975338220596	,-0.25436446070671
44.080001831055,-0.075105309486389,	-0.70238590240479,0.66388064622879	,-0.24855564534664
44.139999389648,-0.067539662122726,	-0.70131909847260,0.66794770956039	,-0.24269132316113
44.200000762939,-0.060006435960531,	-0.70017087459564,0.67195367813110	,-0.23677194118500
44.259998321533,-0.052506159991026,	-0.69894170761108,0.67589813470840	,-0.23079827427864
44.319999694824,-0.045039866119623,	-0.69763219356537,0.67978042364120	,-0.22477139532566
44.380001068115,-0.037608228623867,	-0.69624304771423,0.68359977006912	,-0.21869175136089
44.439998626709,-0.030212096869946,	-0.69477474689484,0.68735557794571	,-0.21256047487259
44.500000000000,-0.022852463647723,	-0.69322830438614,0.69104725122452	,-0.20637796819210
44.560001373291,-0.015529981814325,	-0.69160395860672,0.69467413425446	,-0.20014506578445
44.619998931885,-0.008245293982327,	-0.68990260362625,0.69823580980301	,-0.19386272132397
44.680000305176,-0.000999525189399,	-0.68812495470047,0.70173138380051	,-0.18753175437450
44.740001678467,0.0062068235129118,	-0.68627160787582,0.70516061782837	,-0.18115261197090
44.799999237061,0.013372899033129,	-0.68434321880341,0.70852261781693	,-0.17472681403160
44.860000610352,0.020497893914580,	-0.68234056234360,0.71181696653366	,-0.16825467348099
44.919998168945,0.027581216767430,	-0.68026429414749,0.71504336595535	,-0.16173668205738
44.979999542236,0.034621808677912,	-0.67811518907547,0.71820092201233	,-0.15517431497574
45.040000915527,0.041619420051575,	-0.67589384317398,0.72128915786743	,-0.14856845140457
45.099998474121,0.048573326319456,	-0.67360103130341,0.72430771589279	,-0.14191924035549
45.159999847412,0.055482339113951,	-0.67123758792877,0.72725611925125	,-0.13522820174694
45.220001220703,0.062345921993256,	-0.66880410909653,0.73013377189636	,-0.12849551439285
45.279998779297,0.069163866341114,	-0.66630125045776,0.73294013738632	,-0.12172308564186
45.340000152588,0.075935192406178,	-0.66373002529144,0.73567491769791	,-0.11491072177887
45.400001525879,0.082659058272839,	-0.66109097003937,0.73833751678467	,-0.10805962234735
45.459999084473,0.089335143566132,	-0.65838497877121,0.74092757701874	,-0.10117103904486
45.520000457764,0.095962792634964,	-0.65561258792877,0.74344462156296	,-0.09424477070570
45.580001831055,0.10254106670618,	-0.65277481079102,0.74588835239410	,-0.08728312700986
45.639999389648,0.10906981676817,	-0.64987230300903,0.74825811386108	,-0.08028625696897
45.700000762939,0.11554813385010,	-0.64690577983856,0.75055378675461	,-0.07325471192598
45.759998321533,0.12197555601597,	-0.64387619495392,0.75277471542358	,-0.06619008630514
45.819999694824,0.12835152447224,	-0.64078408479691,0.75492072105408	,-0.05909254401922
45.880001068115,0.13467545807362,	-0.63763046264648,0.75699138641357	,-0.05196372047066
45.939998626709,0.14094677567482,	-0.63441598415375,0.75898629426956	,-0.04480377957224
46.000000000000,0.14716508984566,	-0.63114142417908,0.76090526580811	,-0.03761434927582
46.060001373291,0.15332956612110,	-0.62780761718750,0.76274788379669	,-0.03039561770856
46.119998931885,0.15944012999535,	-0.62441545724869,0.76451361179352	,-0.02314884029328
46.180000305176,0.16549579799175,	-0.62096560001373,0.76620250940323	,-0.01587493531405
46.240001678467,0.17149652540684,	-0.61745887994766,0.76781404018402	,-0.00857480615377
46.299999237061,0.17744150757790,	-0.61389619112015,0.76934802532196	,-0.00124937039799
46.360000610352,0.18333043158054,	-0.61027824878693,0.77080416679382	,0.006100825034081
46.419998168945,0.18916282057762,	-0.60660588741302,0.77218222618103	,0.013474130071700
46.479999542236,0.19493833184242,	-0.60287994146347,0.77348178625107	,0.020870359614491
46.540000915527,0.20065626502037,	-0.59910124540329,0.77470290660858	,0.028288228437304
46.599998474121,0.20631627738476,	-0.59527063369751,0.77584511041641	,0.035726815462112
46.659999847412,0.21191844344139,	-0.59138870239258,0.77690827846527	,0.043185565620661
46.720001220703,0.21746157109737,	-0.58745664358139,0.77789217233658	,0.050662811845541
46.779998779297,0.22294569015503,	-0.58347505331039,0.77879667282104	,0.058158751577139
46.840000152588,0.22837057709694,	-0.57944482564926,0.77962154150009	,0.065671347081661
46.900001525879,0.23373554646969,	-0.57536667585373,0.78036653995514	,0.073200404644012
46.959999084473,0.23904038965702,	-0.57124161720276,0.78103160858154	,0.080744639039040
47.020000457764,0.24428483843803,	-0.56707024574280,0.78161656856537	,0.088303491473198
47.080001831055,0.24946843087673,	-0.56285363435745,0.78212130069733	,0.095875658094883
47.139999389648,0.25459071993828,	-0.55859255790710,0.78254562616348	,0.10346021503210
47.200000762939,0.25965172052383,	-0.55428767204285,0.78288942575455	,0.11105623841286
47.259998321533,0.26465094089508,	-0.54994004964828,0.78315263986588	,0.11866354197264
47.319999694824,0.26958811283112,	-0.54555022716522,0.78333514928818	,0.12628047168255
47.380001068115,0.27446287870407,	-0.54111945629120,0.78343689441681	,0.13390606641769
47.439998626709,0.27927514910698,	-0.53664815425873,0.78345775604248	,0.14153942465782
47.500000000000,0.28402456641197,	-0.53213733434677,0.78339767456055	,0.14918036758900
47.560001373291,0.28871098160744,	-0.52758783102036,0.78325659036636	,0.15682724118233
47.619998931885,0.29333391785622,	-0.52300059795380,0.78303462266922	,0.16447907686234
47.680000305176,0.29789322614670,	-0.51837641000748,0.78273147344589	,0.17213535308838
47.740001678467,0.30238893628120,	-0.51371586322784,0.78234732151031	,0.17979517579079
47.799999237061,0.30682057142258,	-0.50902003049850,0.78188204765320	,0.18745759129524
47.860000610352,0.31118813157082,	-0.50428956747055,0.78133577108383	,0.19512093067169
47.919998168945,0.31549116969109,	-0.49952557682991,0.78070831298828	,0.20278541743755
47.979999542236,0.31972983479500,	-0.49472862482071,0.77999985218048	,0.21044974029064
48.040000915527,0.32390376925468,	-0.48989960551262,0.77921056747437	,0.21811227500439
48.099998474121,0.32801276445389,	-0.48503959178925,0.77833998203278	,0.22577357292175
48.159999847412,0.33205673098564,	-0.48014906048775,0.77738875150681	,0.23343104124069
48.220001220703,0.33603563904762,	-0.47522890567780,0.77635657787323	,0.24108508229256
48.279998779297,0.33994933962822,	-0.47028011083603,0.77524358034134	,0.24873426556587
48.340000152588,0.34379768371582,	-0.46530342102051,0.77404993772507	,0.25637787580490
48.400001525879,0.34758052229881,	-0.46029961109161,0.77277570962906	,0.26401495933533
48.459999084473,0.35129764676094,	-0.45526951551437,0.77142095565796	,0.27164447307587
48.520000457764,0.35494935512543,	-0.45021387934685,0.76998573541641	,0.27926570177078
48.580001831055,0.35853525996208,	-0.44513365626335,0.76847040653229	,0.28687754273415
48.639999389648,0.36205518245697,	-0.44002971053123,0.76687484979630	,0.29447969794273
48.700000762939,0.36550936102867,	-0.43490278720856,0.76519930362701	,0.30207049846649
48.759998321533,0.36889779567719,	-0.42975342273712,0.76344394683838	,0.30964967608452
48.819999694824,0.37222012877464,	-0.42458280920982,0.76160883903503	,0.31721609830856
48.880001068115,0.37547656893730,	-0.41939163208008,0.75969427824020	,0.32476875185966
48.939998626709,0.37866705656052,	-0.41418048739433,0.75770044326782	,0.33230733871460
49.000000000000,0.38179138302803,	-0.40895056724548,0.75562745332718	,0.33983018994331
49.060001373291,0.38484993577003,	-0.40370228886604,0.75347548723221	,0.34733697772026
49.119998931885,0.38784226775169,	-0.39843666553497,0.75124484300613	,0.35482674837112
49.180000305176,0.39076879620552,	-0.39315423369408,0.74893569946289	,0.36229857802391
49.240001678467,0.39362934231758,	-0.38785609602928,0.74654823541641	,0.36975178122520
49.299999237061,0.39642408490181,	-0.38254281878471,0.74408268928528	,0.37718534469604
49.360000610352,0.39915287494659,	-0.37721535563469,0.74153941869736	,0.38459861278534
49.419998168945,0.40181586146355,	-0.37187430262566,0.73891860246658	,0.39199039340019
49.479999542236,0.40441307425499,	-0.36652070283890,0.73622053861618	,0.39936017990112
49.540000915527,0.40694460272789,	-0.36115488409996,0.73344534635544	,0.40670716762543
49.599998474121,0.40941065549850,	-0.35577780008316,0.73059356212616	,0.41403049230576
49.659999847412,0.41181105375290,	-0.35039052367210,0.72766530513763	,0.42132893204689
49.720001220703,0.41414597630501,	-0.34499353170395,0.72466081380844	,0.42860227823257
49.779998779297,0.41641575098038,	-0.33958745002747,0.72158056497574	,0.43584933876991
49.840000152588,0.41862031817436,	-0.33417320251465,0.71842473745346	,0.44306930899620
49.900001525879,0.42075970768929,	-0.32875156402588,0.71519386768341	,0.45026168227196
49.959999084473,0.42283412814140,	-0.32332333922386,0.71188795566559	,0.45742541551590
50.020000457764,0.42484366893768,	-0.31788924336433,0.70850759744644	,0.46455976366997
50.080001831055,0.42678871750832,	-0.31244960427284,0.70505309104919	,0.47166398167610
50.139999389648,0.42866909503937,	-0.30700552463531,0.70152473449707	,0.47873729467392
50.200000762939,0.43048509955406,	-0.30155786871910,0.69792288541794	,0.48577889800072
50.259998321533,0.43223688006401,	-0.29610708355904,0.69424802064896	,0.49278804659843
50.319999694824,0.43392464518547,	-0.29065391421318,0.69050043821335	,0.49976396560669
50.380001068115,0.43554860353470,	-0.28519910573959,0.68668043613434	,0.50670588016510
50.439998626709,0.43710884451866,	-0.27974358201027,0.68278855085373	,0.51361298561096
50.500000000000,0.43860560655594,	-0.27428761124611,0.67882519960403	,0.52048462629318
50.560001373291,0.44003909826279,	-0.26883214712143,0.67479062080383	,0.52732008695602
50.619998931885,0.44140946865082,	-0.26337787508965,0.67068547010422	,0.53411853313446
50.680000305176,0.44271710515022,	-0.25792557001114,0.66650998592377	,0.54087907075882
50.740001678467,0.44396203756332,	-0.25247564911842,0.66226464509964	,0.54760152101517
50.799999237061,0.44514453411102,	-0.24702899158001,0.65794992446899	,0.55428469181061
50.860000610352,0.44626489281654,	-0.24158637225628,0.65356624126434	,0.56092792749405
50.919998168945,0.44732332229614,	-0.23614820837975,0.64911407232285	,0.56753075122833
50.979999542236,0.44832018017769,	-0.23071521520615,0.64459383487701	,0.57409214973450
51.040000915527,0.44925552606583,	-0.22528798878193,0.64000600576401	,0.58061170578003
51.099998474121,0.45012968778610,	-0.21986751258373,0.63535112142563	,0.58708864450455
51.159999847412,0.45094296336174,	-0.21445417404175,0.63062953948975	,0.59352213144302
51.220001220703,0.45169565081596,	-0.20904864370823,0.62584179639816	,0.59991168975830
51.279998779297,0.45238798856735,	-0.20365157723427,0.62098854780197	,0.60625636577606
51.340000152588,0.45302027463913,	-0.19826363027096,0.61607003211975	,0.61255598068237
51.400001525879,0.45359289646149,	-0.19288522005081,0.61108684539795	,0.61880946159363
51.459999084473,0.45410594344139,	-0.18751741945744,0.60603952407837	,0.62501627206802
51.520000457764,0.45455989241600,	-0.18216031789780,0.60092860460281	,0.63117575645447
51.580001831055,0.45495492219925,	-0.17681485414505,0.59575468301773	,0.63728737831116
51.639999389648,0.45529147982597,	-0.17148157954216,0.59051805734634	,0.64335042238235
51.700000762939,0.45556983351707,	-0.16616095602512,0.58521944284439	,0.64936423301697
51.759998321533,0.45579028129578,	-0.16085383296013,0.57985943555832	,0.65532821416855
51.819999694824,0.45595318078995,	-0.15556047856808,0.57443845272064	,0.66124182939529
51.880001068115,0.45605883002281,	-0.15028171241283,0.56895703077316	,0.66710436344147
51.939998626709,0.45610761642456,	-0.14501802623272,0.56341576576233	,0.67291533946991
52.000000000000,0.45609992742538,	-0.13976988196373,0.55781525373459	,0.67867404222488
52.060001373291,0.45603603124619,	-0.13453809916973,0.55215603113174	,0.68437993526459
52.119998931885,0.45591628551483,	-0.12932313978672,0.54643869400024	,0.69003242254257
52.180000305176,0.45574104785919,	-0.12412531673908,0.54066383838654	,0.69563102722168
52.240001678467,0.45551073551178,	-0.11894546449184,0.53483194112778	,0.70117509365082
52.299999237061,0.45522576570511,	-0.11378399282694,0.52894371747971	,0.70666414499283
52.360000610352,0.45488634705544,	-0.10864158719778,0.52299976348877	,0.71209746599197
52.419998168945,0.45449301600456,	-0.10351844131947,0.51700061559677	,0.71747469902039
52.479999542236,0.45404604077339,	-0.098415337502956,0.51094681024551	,0.72279530763626
52.540000915527,0.45354592800140,	-0.093332692980766,0.50483894348145	,0.72805857658386
52.599998474121,0.45299291610718,	-0.088271133601665,0.49867790937424	,0.73326420783997
52.659999847412,0.45238757133484,	-0.083231084048748,0.49246406555176	,0.73841148614883
52.720001220703,0.45173016190529,	-0.078213043510914,0.48619806766510	,0.74349999427795
52.779998779297,0.45102119445801,	-0.073217540979385,0.47988063097000	,0.74852925539017
52.840000152588,0.45026099681854,	-0.068244852125645,0.47351226210594	,0.75349885225296
52.900001525879,0.44945001602173,	-0.063295796513557,0.46709373593330	,0.75840812921524
52.959999084473,0.44858863949776,	-0.058370549231768,0.46062555909157	,0.76325672864914
53.020000457764,0.44767734408379,	-0.053469799458981,0.45410847663879	,0.76804411411285
53.080001831055,0.44671645760536,	-0.048593807965517,0.44754302501678	,0.77276980876923
53.139999389648,0.44570645689964,	-0.043743170797825,0.44093000888824	,0.77743339538574
53.200000762939,0.44464787840843,	-0.038918238133192,0.43426987528801	,0.78203445672989
53.259998321533,0.44354096055031,	-0.034119676798582,0.42756345868111	,0.78657251596451
53.319999694824,0.44238629937172,	-0.029347520321608,0.42081135511398	,0.79104715585709
53.380001068115,0.44118422269821,	-0.024602530524135,0.41401416063309	,0.79545783996582
53.439998626709,0.43993520736694,	-0.019885046407580,0.40717267990112	,0.79980450868607
53.500000000000,0.43863973021507,	-0.015195394866168,0.40028747916222	,0.80408626794815
53.560001373291,0.43729820847511,	-0.010534005239606,0.39335930347443	,0.80830305814743
53.619998931885,0.43591111898422,	-0.0059014009311795,0.38638871908188,0.81245428323746	
53.680000305176,0.43447887897491,	-0.0012978939339519,0.37937650084496,0.81653970479965	
53.740001678467,0.43300190567970,	0.0032762098126113,0.37232333421707	,0.82055878639221
53.799999237061,0.43148082494736,	0.0078203007578850,0.36522987484932	,0.82451134920120
53.860000610352,0.42991590499878,	0.012334190309048,0.35809677839279	,0.82839685678482
53.919998168945,0.42830774188042,	0.016817487776279,0.35092476010323	,0.83221501111984
53.979999542236,0.42665672302246,	0.021269809454679,0.34371456503868	,0.83596551418304
54.040000915527,0.42496335506439,	0.025690775364637,0.33646681904793	,0.83964788913727
54.099998474121,0.42322805523872,	0.030080115422606,0.32918220758438	,0.84326201677322
54.159999847412,0.42145135998726,	0.034437369555235,0.32186153531075	,0.84680730104446
54.220001220703,0.41963371634483,	0.038762178272009,0.31450539827347	,0.85028362274170
54.279998779297,0.41777563095093,	0.043054282665253,0.30711454153061	,0.85369062423706
54.340000152588,0.41587755084038,	0.047313347458839,0.29968971014023	,0.85702794790268
54.400001525879,0.41393989324570,	0.051539022475481,0.29223150014877	,0.86029535531998
54.459999084473,0.41196325421333,	0.055731080472469,0.28474074602127	,0.86349254846573
54.520000457764,0.40994805097580,	0.059889003634453,0.27721810340881	,0.86661916971207
54.580001831055,0.40789479017258,	0.064012855291367,0.26966428756714	,0.86967504024506
54.639999389648,0.40580397844315,	0.068101927638054,0.26208001375198	,0.87265980243683
54.700000762939,0.40367603302002,	0.072156213223934,0.25446599721909	,0.87557327747345
54.759998321533,0.40151154994965,	0.076175309717655,0.24682296812534	,0.87841522693634
54.819999694824,0.39931085705757,	0.080159015953541,0.23915167152882	,0.88118541240692
54.880001068115,0.39707458019257,	0.084106944501400,0.23145273327827	,0.88388347625732
54.939998626709,0.39480322599411,	0.088018923997879,0.22372698783875	,0.88650918006897
55.000000000000,0.39249715209007,	0.091894656419754,0.21597513556480	,0.88906252384186
55.060001373291,0.39015701413155,	0.095733888447285,0.20819784700871	,0.89154303073883
55.119998931885,0.38778319954872,	0.099536433815956,0.20039588212967	,0.89395064115524
55.180000305176,0.38537621498108,	0.10330204665661,0.19256995618343   ,0.89628517627716	
55.240001678467,0.38293656706810,	0.10703039169312,0.18472082912922   ,0.89854627847672	
55.299999237061,0.38046482205391,	0.11072129011154,0.17684921622276   ,0.90073400735855	
55.360000610352,0.37796139717102,	0.11437452584505,0.16895583271980   ,0.90284806489944	
55.419998168945,0.37542679905891,	0.11798984557390,0.16104140877724   ,0.90488821268082	
55.479999542236,0.37286153435707,	0.12156721204519,0.15310667455196   ,0.90685439109802	
55.540000915527,0.37026610970497,	0.12510624527931,0.14515239000320   ,0.90874642133713	
55.599998474121,0.36764103174210,	0.12860667705536,0.13717927038670   ,0.91056406497955	
55.659999847412,0.36498677730560,	0.13206854462624,0.12918801605701   ,0.91230726242065	
55.720001220703,0.36230388283730,	0.13549159467220,0.12117940187454   ,0.91397595405579	
55.779998779297,0.35959285497665,	0.13887546956539,0.11315414309502   ,0.91556984186172	
55.840000152588,0.35685417056084,	0.14222015440464,0.10511296987534   ,0.91708898544312	
55.900001525879,0.35408830642700,	0.14552548527718,0.097056634724140  ,0.91853320598602	
55.959999084473,0.35129576921463,	0.14879122376442,0.088985852897167  ,0.91990232467651	
56.020000457764,0.34847712516785,	0.15201735496521,0.080901347100735  ,0.92119628190994	
56.080001831055,0.34563279151917,	0.15520358085632,0.072803884744644  ,0.92241507768631	
56.139999389648,0.34276333451271,	0.15834973752499,0.064694166183472  ,0.92355853319168	
56.200000762939,0.33986920118332,	0.16145579516888,0.056572929024696  ,0.92462664842606	
56.259998321533,0.33695092797279,	0.16452157497406,0.048440914601088  ,0.92561924457550	
56.319999694824,0.33400902152061,	0.16754692792892,0.040298853069544  ,0.92653650045395	
56.380001068115,0.33104392886162,	0.17053182423115,0.032147470861673  ,0.92737805843353	
56.439998626709,0.32805618643761,	0.17347609996796,0.023987499997020  ,0.92814409732819	
56.500000000000,0.32504630088806,	0.17637948691845,0.015819668769836  ,0.92883437871933	
56.560001373291,0.32201477885246,	0.17924211919308,0.007644707337021  ,0.92944908142090	
56.619998931885,0.31896203756332,	0.18206374347210,-0.00053665495943  ,0.92998808622360	
56.680000305176,0.31588870286942,	0.18484432995319,-0.00872369296848  ,0.93045127391815	
56.740001678467,0.31279513239861,	0.18758378922939,-0.01691567897796  ,0.93083882331848	
56.799999237061,0.30968192219734,	0.19028198719025,-0.02511188574135  ,0.93115067481995	
56.860000610352,0.30654954910278,	0.19293890893459,-0.03331159055233  ,0.93138676881790	
56.919998168945,0.30339846014977,	0.19555442035198,-0.04151407629251  ,0.93154716491699	
56.979999542236,0.30022922158241,	0.19812849164009,-0.04971860349178  ,0.93163180351257	
57.040000915527,0.29704225063324,	0.20066110789776,-0.05792447179555  ,0.93164092302322	
57.099998474121,0.29383808374405,	0.20315209031105,-0.06613095104694  ,0.93157428503036	
57.159999847412,0.29061716794968,	0.20560152828693,-0.07433731108903  ,0.93143212795258	
57.220001220703,0.28738003969193,	0.20800927281380,-0.08254285156726  ,0.93121439218521	
57.279998779297,0.28412717580795,	0.21037533879280,-0.09074686467647  ,0.93092119693756	
57.340000152588,0.28085902333260,	0.21269962191582,-0.09894860535860  ,0.93055254220963	
57.400001525879,0.27757608890533,	0.21498219668865,-0.10714739561081  ,0.93010836839676	
57.459999084473,0.27427884936333,	0.21722292900085,-0.11534250527620  ,0.92958915233612	
57.520000457764,0.27096781134605,	0.21942184865475,-0.12353321909904  ,0.92899453639984	
57.580001831055,0.26764345169067,	0.22157903015614,-0.13171882927418  ,0.92832481861115	
57.639999389648,0.26430624723434,	0.22369430959225,-0.13989867269993  ,0.92757999897003	
57.700000762939,0.26095661520958,	0.22576774656773,-0.14807198941708  ,0.92676037549973	
57.759998321533,0.25759512186050,	0.22779929637909,-0.15623810887337  ,0.92586594820023	
57.819999694824,0.25422215461731,	0.22978906333447,-0.16439633071423  ,0.92489671707153	
57.880001068115,0.25083824992180,	0.23173701763153,-0.17254593968391  ,0.92385286092758	
57.939998626709,0.24744386970997,	0.23364308476448,-0.18068623542786  ,0.92273449897766	
58.000000000000,0.24403946101665,	0.23550748825073,-0.18881659209728  ,0.92154186964035	
58.060001373291,0.24062548577785,	0.23733001947403,-0.19693620502949  ,0.92027497291565	
58.119998931885,0.23720242083073,	0.23911082744598,-0.20504447817802  ,0.91893410682678	
58.180000305176,0.23377072811127,	0.24084991216660,-0.21314068138599  ,0.91751921176910	
58.240001678467,0.23033086955547,	0.24254734814167,-0.22122414410114  ,0.91603052616119	
58.299999237061,0.22688330709934,	0.24420315027237,-0.22929418087006  ,0.91446828842163	
58.360000610352,0.22342848777771,	0.24581739306450,-0.23735012114048  ,0.91283267736435	
58.419998168945,0.21996690332890,	0.24739010632038,-0.24539127945900  ,0.91112375259399	
58.479999542236,0.21649894118309,	0.24892133474350,-0.25341698527336  ,0.90934181213379	
58.540000915527,0.21302509307861,	0.25041115283966,-0.26142653822899  ,0.90748697519302	
58.599998474121,0.20954583585262,	0.25185960531235,-0.26941931247711  ,0.90555942058563	
58.659999847412,0.20606154203415,	0.25326678156853,-0.27739465236664  ,0.90355938673019	
58.720001220703,0.20257270336151,	0.25463283061981,-0.28535181283951  ,0.90148705244064	
58.779998779297,0.19907975196838,	0.25595763325691,-0.29329022765160  ,0.89934265613556	
58.840000152588,0.19558313488960,	0.25724145770073,-0.30120915174484  ,0.89712649583817	
58.900001525879,0.19208331406116,	0.25848430395126,-0.30910804867744  ,0.89483851194382	
58.959999084473,0.18858063220978,	0.25968635082245,-0.31698608398438  ,0.89247918128967	
59.020000457764,0.18507564067841,	0.26084753870964,-0.32484284043312  ,0.89004880189896	
59.080001831055,0.18156866729259,	0.26196807622910,-0.33267751336098  ,0.88754743337631	
59.139999389648,0.17806018888950,	0.26304808259010,-0.34048944711685  ,0.88497531414032	
59.200000762939,0.17455066740513,	0.26408761739731,-0.34827810525894  ,0.88233286142349	
59.259998321533,0.17104044556618,	0.26508677005768,-0.35604277253151  ,0.87962013483047	
59.319999694824,0.16752997040749,	0.26604568958282,-0.36378288269043  ,0.87683761119843	
59.380001068115,0.16401968896389,	0.26696449518204,-0.37149769067764  ,0.87398529052734	
59.439998626709,0.16051000356674,	0.26784333586693,-0.37918668985367  ,0.87106370925903	
59.500000000000,0.15700133144855,	0.26868227124214,-0.38684919476509  ,0.86807298660278	
59.560001373291,0.15349404513836,	0.26948150992393,-0.39448463916779  ,0.86501348018646	
59.619998931885,0.14998857676983,	0.27024111151695,-0.40209230780602  ,0.86188548803329	
59.680000305176,0.14648535847664,	0.27096128463745,-0.40967169404030  ,0.85868912935257	
59.740001678467,0.14298474788666,	0.27164208889008,-0.41722214221954  ,0.85542505979538	
59.799999237061,0.13948716223240,	0.27228370308876,-0.42474302649498  ,0.85209321975708	
59.860000610352,0.13599298894405,	0.27288630604744,-0.43223381042480  ,0.84869408607483	
59.919998168945,0.13250264525414,	0.27345004677773,-0.43969380855560  ,0.84522801637650	
59.979999542236,0.12901647388935,	0.27397504448891,-0.44712248444557  ,0.84169530868530	
60.040000915527,0.12553490698338,	0.27446150779724,-0.45451924204826  ,0.83809614181519	
60.099998474121,0.12205831706524,	0.27490955591202,-0.46188345551491  ,0.83443111181259	
60.159999847412,0.11858706921339,	0.27531930804253,-0.46921455860138  ,0.83070027828217	
60.220001220703,0.11512156575918,	0.27569106221199,-0.47651189565659  ,0.82690429687500	
60.279998779297,0.11166216433048,	0.27602487802505,-0.48377552628517  ,0.82304292917252	
60.340000152588,0.10820923000574,	0.27632096409798,-0.49100387096405  ,0.81911712884903	
60.400001525879,0.10476315766573,	0.27657952904701,-0.49819642305374  ,0.81512737274170	
60.459999084473,0.10132429748774,	0.27680072188377,-0.50535333156586  ,0.81107342243195	
60.520000457764,0.097893029451370,	0.27698475122452,-0.51247376203537  ,0.80695599317551	
60.580001831055,0.094469688832760,	0.27713182568550,-0.51955735683441  ,0.80277514457703	
60.639999389648,0.091054655611515,	0.27724206447601,-0.52660322189331  ,0.79853147268295	
60.700000762939,0.087648272514343,	0.27731570601463,-0.53361088037491  ,0.79422545433044	
60.759998321533,0.084250867366791,	0.27735289931297,-0.54057973623276  ,0.78985744714737	
60.819999694824,0.080862835049629,	0.27735391259193,-0.54750961065292  ,0.78542757034302	
60.880001068115,0.077484488487244,	0.27731892466545,-0.55439919233322  ,0.78093671798706	
60.939998626709,0.074116185307503,	0.27724814414978,-0.56124883890152  ,0.77638477087021	
61.000000000000,0.070758245885372,	0.27714174985886,-0.56805741786957  ,0.77177244424820	
61.060001373291,0.067411020398140,	0.27700001001358,-0.57482492923737  ,0.76709991693497	
61.119998931885,0.064074844121933,	0.27682307362556,-0.58155035972595  ,0.76236772537231	
61.180000305176,0.060750037431717,	0.27661120891571,-0.58823287487030  ,0.75757664442062	
61.240001678467,0.057436924427748,	0.27636459469795,-0.59487348794937  ,0.75272601842880	
61.299999237061,0.054135829210281,	0.27608346939087,-0.60146975517273  ,0.74781769514084	
61.360000610352,0.050847072154284,	0.27576804161072,-0.60802268981934  ,0.74285084009171	
61.419998168945,0.047570962458849,	0.27541857957840,-0.61453068256378  ,0.73782682418823	
61.479999542236,0.044307827949524,	0.27503526210785,-0.62099438905716  ,0.73274528980255	
61.540000915527,0.041057959198952,	0.27461838722229,-0.62741208076477  ,0.72760748863220	
61.599998474121,0.037821751087904,	0.27416807413101,-0.63378429412842  ,0.72241294384003	
61.659999847412,0.034599173814058,	0.27368468046188,-0.64010995626450  ,0.71716284751892	
61.720001220703,0.031390998512506,	0.27316835522652,-0.64638888835907  ,0.71185737848282	
61.779998779297,0.028197254985571,	0.27261939644814,-0.65262049436569  ,0.70649695396423	
61.840000152588,0.025018349289894,	0.27203804254532,-0.65880435705185  ,0.70108222961426	
61.900001525879,0.021854437887669,	0.27142447233200,-0.66493999958038  ,0.69561320543289	
61.959999084473,0.018705872818828,	0.27077901363373,-0.67102688550949  ,0.69009089469910	
62.020000457764,0.015572935342789,	0.27010184526443,-0.67706459760666  ,0.68451553583145	
62.080001831055,0.012455903925002,	0.26939329504967,-0.68305289745331  ,0.67888742685318	
62.139999389648,0.0093550551682711,	0.26865360140800,-0.68899101018906  ,0.67320728302002	
62.200000762939,0.0062706600874662,	0.26788288354874,-0.69487869739532  ,0.66747540235519	
62.259998321533,0.0032029883004725,	0.26708158850670,-0.70071560144424  ,0.66169238090515	
62.319999694824,0.00015230498684105,0.26624989509583,-0.70650106668472  ,0.65585857629776	
62.380001068115,-0.0028811281081289,0.26538807153702,-0.71223485469818  ,0.64997482299805	
62.439998626709,-0.0058970521204174,0.26449632644653,-0.71791654825211  ,0.64404112100601	
62.500000000000,-0.0088952118530869,0.26357495784760,-0.72354555130005  ,0.63805830478668	
62.560001373291,-0.011875355616212,	0.26262423396111,-0.72912168502808  ,0.63202667236328	
62.619998931885,-0.014837238006294,	0.26164448261261,-0.73464435338974  ,0.62594687938690	
62.680000305176,-0.017780609428883,	0.26063588261604,-0.74011331796646  ,0.61981922388077	
62.740001678467,-0.020705232396722,	0.25959876179695,-0.74552804231644  ,0.61364459991455	
62.799999237061,-0.023610865697265,	0.25853329896927,-0.75088816881180  ,0.60742306709290	
62.860000610352,-0.026497278362513,	0.25743988156319,-0.75619339942932  ,0.60115528106689	
62.919998168945,-0.029364237561822,	0.25631874799728,-0.76144337654114  ,0.59484195709229	
62.979999542236,-0.032211516052485,	0.25517016649246,-0.76663750410080  ,0.58848339319229	
63.040000915527,-0.035038892179728,	0.25399443507195,-0.77177572250366  ,0.58208018541336	
63.099998474121,-0.037846140563488,	0.25279179215431,-0.77685755491257  ,0.57563281059265	
63.159999847412,-0.040633041411638,	0.25156247615814,-0.78188240528107  ,0.56914180517197	
63.220001220703,-0.043399393558502,	0.25030690431595,-0.78685021400452  ,0.56260776519775	
63.279998779297,-0.046144969761372,	0.24902525544167,-0.79176056385040  ,0.55603110790253	
63.340000152588,-0.048869576305151,	0.24771781265736,-0.79661303758621  ,0.54941231012344	
63.400001525879,-0.051573008298874,	0.24638491868973,-0.80140733718872  ,0.54275220632553	
63.459999084473,-0.054255060851574,	0.24502682685852,-0.80614316463470  ,0.53605097532272	
63.520000457764,-0.056915536522865,	0.24364380538464,-0.81082016229630  ,0.52930939197540	
63.580001831055,-0.059554249048233,	0.24223618209362,-0.81543803215027  ,0.52252787351608	
63.639999389648,-0.062171008437872,	0.24080424010754,-0.81999635696411  ,0.51570695638657	
63.700000762939,-0.064765624701977,	0.23934824764729,-0.82449483871460  ,0.50884753465652	
63.759998321533,-0.067337907850742,	0.23786848783493,-0.82893335819244  ,0.50194948911667	
63.819999694824,-0.069887697696686,	0.23636530339718,-0.83331143856049  ,0.49501398205757	
63.880001068115,-0.072414793074131,	0.23483894765377,-0.83762890100479  ,0.48804128170013	
63.939998626709,-0.074919052422047,	0.23328970372677,-0.84188538789749  ,0.48103186488152	
64.000000000000,-0.077400274574757,	0.23171788454056,-0.84608048200607  ,0.47398650646210	
64.059997558594,-0.079858310520649,	0.23012377321720,-0.85021406412125  ,0.46690553426743	
64.120002746582,-0.082292996346951,	0.22850769758224,-0.85428577661514  ,0.45978972315788	
64.180000305176,-0.084704183042049,	0.22686994075775,-0.85829550027847  ,0.45263952016830	
64.239997863770,-0.087091699242592,	0.22521078586578,-0.86224275827408  ,0.44545543193817	
64.300003051758,-0.089455395936966,	0.22353051602840,-0.86612737178802  ,0.43823799490929	
64.360000610352,-0.091795139014721,	0.22182945907116,-0.86994910240173  ,0.43098807334900	
64.419998168945,-0.094110764563084,	0.22010789811611,-0.87370777130127  ,0.42370617389679	
64.480003356934,-0.096402145922184,	0.21836614608765,-0.87740296125412  ,0.41639250516891	
64.540000915527,-0.098669111728668,	0.21660450100899,-0.88103455305099  ,0.40904784202576	
64.599998474121,-0.10091157257557,	0.21482326090336,-0.88460224866867  ,0.40167289972305	
64.660003662109,-0.10312937200069,	0.21302267909050,-0.88810586929321  ,0.39426794648170	
64.720001220703,-0.10532239079475,	0.21120318770409,-0.89154517650604  ,0.38683369755745	
64.779998779297,-0.10749049484730,	0.20936493575573,-0.89491999149323  ,0.37937077879906	
64.839996337891,-0.10963355749846,	0.20750831067562,-0.89822995662689  ,0.37187999486923	
64.900001525879,-0.11175148189068,	0.20563358068466,-0.90147495269775  ,0.36436146497726	
64.959999084473,-0.11384413391352,	0.20374107360840,-0.90465486049652  ,0.35681599378586	
65.019996643066,-0.11591140180826,	0.20183107256889,-0.90776938199997  ,0.34924420714378	
65.080001831055,-0.11795318126678,	0.19990390539169,-0.91081833839417  ,0.34164664149284	
65.139999389648,-0.11996938288212,	0.19795982539654,-0.91380149126053  ,0.33402392268181	
65.199996948242,-0.12195987254381,	0.19599922001362,-0.91671878099442  ,0.32637643814087	
65.260002136230,-0.12392457574606,	0.19402231276035,-0.91956984996796  ,0.31870472431183	
65.319999694824,-0.12586340308189,	0.19202940165997,-0.92235475778580  ,0.31100988388062	
65.379997253418,-0.12777622044086,	0.19002084434032,-0.92507308721542  ,0.30329200625420	
65.440002441406,-0.12966299057007,	0.18799693882465,-0.92772483825684  ,0.29555195569992	
65.500000000000,-0.13152359426022,	0.18595793843269,-0.93030977249146  ,0.28779006004333	
65.559997558594,-0.13335795700550,	0.18390418589115,-0.93282788991928  ,0.28000697493553	
65.620002746582,-0.13516601920128,	0.18183602392673,-0.93527883291245  ,0.27220368385315	
65.680000305176,-0.13694767653942,	0.17975363135338,-0.93766254186630  ,0.26438036561012	
65.739997863770,-0.13870286941528,	0.17765744030476,-0.93997889757156  ,0.25653764605522	
65.800003051758,-0.14043150842190,	0.17554765939713,-0.94222778081894  ,0.24867607653141	
65.860000610352,-0.14213354885578,	0.17342464625835,-0.94440907239914  ,0.24079628288746	
65.919998168945,-0.14380893111229,	0.17128872871399,-0.94652247428894  ,0.23289903998375	
65.980003356934,-0.14545758068562,	0.16914013028145,-0.94856816530228  ,0.22498480975628	
66.040000915527,-0.14707943797112,	0.16697916388512,-0.95054584741592  ,0.21705436706543	
66.099998474121,-0.14867445826530,	0.16480620205402,-0.95245546102524  ,0.20910763740540	
66.160003662109,-0.15024259686470,	0.16262145340443,-0.95429688692093  ,0.20114611089230	
66.220001220703,-0.15178377926350,	0.16042530536652,-0.95607000589371  ,0.19316998124123	
66.279998779297,-0.15329799056053,	0.15821798145771,-0.95777475833893  ,0.18517981469631	
66.339996337891,-0.15478517115116,	0.15599983930588,-0.95941114425659  ,0.17717623710632	
66.400001525879,-0.15624526143074,	0.15377113223076,-0.96097898483276  ,0.16915960609913	
66.459999084473,-0.15767826139927,	0.15153218805790,-0.96247810125351  ,0.16113099455833	
66.519996643066,-0.15908412635326,	0.14928333461285,-0.96390849351883  ,0.15309050679207	
66.580001831055,-0.16046284139156,	0.14702478051186,-0.96527040004730  ,0.14503927528858	
66.639999389648,-0.16181434690952,	0.14475685358047,-0.96656328439713  ,0.13697761297226	
66.699996948242,-0.16313862800598,	0.14247988164425,-0.96778738498688  ,0.12890568375587	
66.760002136230,-0.16443568468094,	0.14019419252872,-0.96894252300262  ,0.12082477658987	
66.819999694824,-0.16570547223091,	0.13790003955364,-0.97002875804901  ,0.11273527145386	
66.879997253418,-0.16694799065590,	0.13559764623642,-0.97104591131210  ,0.10463753342628	
66.940002441406,-0.16816321015358,	0.13328741490841,-0.97199416160583  ,0.096532396972179	
67.000000000000,-0.16935116052628,	0.13096959888935,-0.97287321090698  ,0.088420450687408	
67.059997558594,-0.17051181197166,	0.12864445149899,-0.97368329763412  ,0.080301858484745	
67.120002746582,-0.17164511978626,	0.12631236016750,-0.97442424297333  ,0.072178132832050	
67.180000305176,-0.17275112867355,	0.12397348880768,-0.97509604692459  ,0.064048938453197	
67.239997863770,-0.17382985353470,	0.12162825465202,-0.97569870948792  ,0.055915363132954	
67.300003051758,-0.17488123476505,	0.11927684396505,-0.97623211145401  ,0.047777514904737	
67.360000610352,-0.17590536177158,	0.11691958457232,-0.97669655084610  ,0.039636705070734	
67.419998168945,-0.17690220475197,	0.11455677449703,-0.97709178924561  ,0.031493071466684	
67.480003356934,-0.17787174880505,	0.11218866705894,-0.97741794586182  ,0.023347195237875	
67.540000915527,-0.17881402373314,	0.10981559753418,-0.97767496109009  ,0.015199689194560	
67.599998474121,-0.17972908914089,	0.10743783414364,-0.97786295413971  ,0.007051376625895	
67.660003662109,-0.18061691522598,	0.10505564510822,-0.97798174619675  ,-0.00109714618884	
67.720001220703,-0.18147754669189,	0.10266926139593,-0.97803151607513  ,-0.00924575049430	
67.779998779297,-0.18231101334095,	0.10027907043695,-0.97801238298416  ,-0.01739360764622	
67.839996337891,-0.18311734497547,	0.097885251045227,-0.97792416810989 ,-0.02553989179432	
67.900001525879,-0.18389655649662,	0.095488175749779,-0.97776710987091 ,-0.03368424251675	
67.959999084473,-0.18464869260788,	0.093088075518608,-0.97754120826721 ,-0.04182630404830	
68.019996643066,-0.18537376821041,	0.090685218572617,-0.97724640369415 ,-0.04996501654386	
68.080001831055,-0.18607185781002,	0.088279895484447,-0.97688281536102 ,-0.05810025706887	
68.139999389648,-0.18674299120903,	0.085872314870358,-0.97645068168640 ,-0.06623097509145	
68.199996948242,-0.18738719820976,	0.083462856709957,-0.97594982385635 ,-0.07435704767704	
68.260002136230,-0.18800452351570,	0.081051811575890,-0.97538042068481 ,-0.08247740566730	
68.319999694824,-0.18859504163265,	0.078639306128025,-0.97474253177643 ,-0.09059195965528	
68.379997253418,-0.18915876746178,	0.076225705444813,-0.97403621673584 ,-0.09869986027479	
68.440002441406,-0.18969580531120,	0.073811307549477,-0.97326165437698 ,-0.10680054128170	
68.500000000000,-0.19020617008209,	0.071396291255951,-0.97241884469986 ,-0.11489342153072	
68.559997558594,-0.19068993628025,	0.068980909883976,-0.97150784730911 ,-0.12297815084457	
68.620002746582,-0.19114713370800,	0.066565588116646,-0.97052884101868 ,-0.13105392456055	
68.680000305176,-0.19157785177231,	0.064150474965572,-0.96948200464249 ,-0.13912014663219	
68.739997863770,-0.19198219478130,	0.061735797673464,-0.96836727857590 ,-0.14717648923397	
68.800003051758,-0.19236016273499,	0.059321884065866,-0.96718484163284 ,-0.15522237122059	
68.860000610352,-0.19271185994148,	0.056908965110779,-0.96593499183655 ,-0.16325674951077	
68.919998168945,-0.19303734600544,	0.054497264325619,-0.96461755037308 ,-0.17127951979637	
68.980003356934,-0.19333671033382,	0.052087131887674,-0.96323287487030 ,-0.17929011583328	
69.040000915527,-0.19361002743244,	0.049678724259138,-0.96178084611893 ,-0.18728795647621	
69.099998474121,-0.19385734200478,	0.047272320836782,-0.96026194095612 ,-0.19527226686478	
69.160003662109,-0.19407878816128,	0.044868290424347,-0.95867604017258 ,-0.20324245095253	
69.220001220703,-0.19427442550659,	0.042466707527637,-0.95702338218689 ,-0.21119818091393	
69.279998779297,-0.19444434344769,	0.040067899972200,-0.95530414581299 ,-0.21913892030716	
69.339996337891,-0.19458860158920,	0.037672173231840,-0.95351845026016 ,-0.22706408798695	
69.400001525879,-0.19470733404160,	0.035279650241137,-0.95166647434235 ,-0.23497289419174	
69.459999084473,-0.19480060040951,	0.032890647649765,-0.94974833726883 ,-0.24286501109600	
69.519996643066,-0.19486850500107,	0.030505472794175,-0.94776421785355 ,-0.25073987245560	
69.580001831055,-0.19491116702557,	0.028124241158366,-0.94571435451508 ,-0.25859695672989	
69.639999389648,-0.19492864608765,	0.025747267529368,-0.94359880685806 ,-0.26643568277359	
69.699996948242,-0.19492104649544,	0.023374753072858,-0.94141787290573 ,-0.27425548434258	
69.760002136230,-0.19488848745823,	0.021006956696510,-0.93917167186737 ,-0.28205588459969	
69.819999694824,-0.19483107328415,	0.018644088879228,-0.93686044216156 ,-0.28983625769615	
69.879997253418,-0.19474890828133,	0.016286445781589,-0.93448436260223 ,-0.29759612679482	
69.940002441406,-0.19464211165905,	0.013934139162302,-0.93204361200333 ,-0.30533486604691	
70.000000000000,-0.19451074302197,	0.011587509885430,-0.92953836917877 ,-0.31305205821991	
70.059997558594,-0.19435496628284,  0.0092468531802297,-0.92696893215179,-0.32074701786041	
70.120002746582,-0.19417487084866,  0.0069121830165386,-0.92433530092239,-0.32841977477074	
70.180000305176,-0.19397059082985,  0.0045838798396289,-0.92163813114166,-0.33606886863708	
70.239997863770,-0.19374221563339,  0.0022620954550803,-0.91887724399567,-0.34369418025017	
70.300003051758,-0.19348987936974,	-5.2929844969185e-05,-0.91605275869370,-0.3512956500053	
70.360000610352,-0.19321371614933,	-0.0023609115742147,-0.91316533088684 ,-0.3588722944259	
70.419998168945,-0.19291381537914,	-0.0046617500483990,-0.91021502017975 ,-0.3664236366748	
70.480003356934,-0.19259034097195,	-0.0069551188498735,-0.90720194578171 ,-0.3739491105079	
70.540000915527,-0.19224339723587,	-0.0092407837510109,-0.90412640571594 ,-0.3814481496810	
70.599998474121,-0.19187310338020,	-0.011518697254360,-0.90098869800568  ,-0.3889207839965	
70.660003662109,-0.19147959351540,	-0.013788490556180,-0.89778900146484  ,-0.3963660001754	
70.720001220703,-0.19106301665306,	-0.016050074249506,-0.89452761411667  ,-0.4037830531597	
70.779998779297,-0.19062349200249,	-0.018303081393242,-0.89120477437973  ,-0.4111721217632	
70.839996337891,-0.19016113877296,	-0.020547471940517,-0.88782083988190  ,-0.4185324609279	
70.900001525879,-0.18967610597610,	-0.022782975807786,-0.88437587022781  ,-0.4258633553981	
70.959999084473,-0.18916857242584,	-0.025009330362082,-0.88087034225464  ,-0.4331642985343	
71.019996643066,-0.18863859772682,	-0.027226444333792,-0.87730443477631  ,-0.4404348433017	
71.080001831055,-0.18808637559414,	-0.029433973133564,-0.87367832660675  ,-0.4476747810840	
71.139999389648,-0.18751202523708,	-0.031631916761398,-0.86999243497849  ,-0.4548837542533	
71.199996948242,-0.18691569566727,	-0.033819932490587,-0.86624693870544  ,-0.4620607793331	
71.260002136230,-0.18629753589630,	-0.035997852683067,-0.86244225502014  ,-0.4692053794860	
71.319999694824,-0.18565769493580,	-0.038165509700775,-0.85857862234116  ,-0.4763170778751	
71.379997253418,-0.18499630689621,	-0.040322739630938,-0.85465627908707  ,-0.4833957850933	
71.440002441406,-0.18431353569031,	-0.042469285428524,-0.85067558288574  ,-0.4904410839080	
71.500000000000,-0.18360950052738,	-0.044604994356632,-0.84663677215576  ,-0.4974519908428	
71.559997558594,-0.18288441002369,	-0.046729706227779,-0.84254026412964  ,-0.5044280886650	
71.620002746582,-0.18213838338852,	-0.048843171447515,-0.83838617801666  ,-0.5113693475723	
71.680000305176,-0.18137156963348,	-0.050945319235325,-0.83417505025864  ,-0.5182751417160	
71.739997863770,-0.18058413267136,	-0.053035877645016,-0.82990705966949  ,-0.5251448154449	
71.800003051758,-0.17977620661259,	-0.055114727467299,-0.82558244466782  ,-0.5319781303405	
71.860000610352,-0.17894798517227,	-0.057181626558304,-0.82120180130005  ,-0.5387742519378	
71.919998168945,-0.17809963226318,	-0.059236437082291,-0.81676536798477  ,-0.5455328822135	
71.980003356934,-0.17723126709461,	-0.061279047280550,-0.81227314472198  ,-0.5522541999816	
72.040000915527,-0.17634306848049,	-0.063309222459793,-0.80772578716278  ,-0.5589368939399	
72.099998474121,-0.17543520033360,	-0.065326780080795,-0.80312371253967  ,-0.5655807256698	
72.160003662109,-0.17450784146786,	-0.067331627011299,-0.79846692085266  ,-0.5721858739852	
72.220001220703,-0.17356114089489,	-0.069323576986790,-0.79375606775284  ,-0.5787512660026	
72.279998779297,-0.17259527742863,	-0.071302399039268,-0.78899133205414  ,-0.5852762460708	
72.339996337891,-0.17161041498184,	-0.073267996311188,-0.78417307138443  ,-0.5917612910270	
72.400001525879,-0.17060668766499,	-0.075220249593258,-0.77930188179016  ,-0.5982048511505	
72.459999084473,-0.16958433389664,	-0.077158920466900,-0.77437764406204  ,-0.6046075820922	
72.519996643066,-0.16854345798492,	-0.079083889722824,-0.76940125226974  ,-0.6109682321548	
72.580001831055,-0.16748426854610,	-0.080994993448257,-0.76437240839005  ,-0.6172872185707	
72.639999389648,-0.16640689969063,	-0.082892164587975,-0.75929218530655  ,-0.6235634088516	
72.699996948242,-0.16531157493591,	-0.084775120019913,-0.75416052341461  ,-0.6297966241836	
72.760002136230,-0.16419844329357,	-0.086643815040588,-0.74897789955139  ,-0.6359865665435	
72.819999694824,-0.16306768357754,	-0.088498130440712,-0.74374490976334  ,-0.6421324014663	
72.879997253418,-0.16191945970058,	-0.090337775647640,-0.73846155405045  ,-0.6482344269752	
72.940002441406,-0.16075398027897,	-0.092162720859051,-0.73312824964523  ,-0.6542915701866	
73.000000000000,-0.15957134962082,	-0.093972921371460,-0.72774571180344  ,-0.6603037118911	
73.059997558594,-0.15837186574936,	-0.095768019556999,-0.72231400012970  ,-0.6662709712982	
73.120002746582,-0.15715558826923,	-0.097548052668571,-0.71683382987976  ,-0.6721917390823	
73.180000305176,-0.15592277050018,	-0.099312841892242,-0.71130520105362  ,-0.6780667304992	
73.239997863770,-0.15467353165150,	-0.10106227546930,-0.70572888851166   ,-0.6838951706886	
73.300003051758,-0.15340815484524,	-0.10279615223408,-0.70010501146317   ,-0.6896767020225	
73.360000610352,-0.15212669968605,	-0.10451444983482,-0.69443392753601   ,-0.6954109668731	
73.419998168945,-0.15082944929600,	-0.10621697455645,-0.68871635198593   ,-0.7010971903801	
73.480003356934,-0.14951656758785,	-0.10790356248617,-0.68295258283615   ,-0.7067357897758	
73.540000915527,-0.14818817377090,	-0.10957424342632,-0.67714279890060   ,-0.7123259305954	
73.599998474121,-0.14684452116489,	-0.11122877150774,-0.67128759622574   ,-0.7178673148155	
73.660003662109,-0.14548580348492,	-0.11286706477404,-0.66538757085800   ,-0.7233592271804	
73.720001220703,-0.14411211013794,	-0.11448905616999,-0.65944272279739   ,-0.7288019657135	
73.779998779297,-0.14272375404835,	-0.11609453707933,-0.65345376729965   ,-0.7341948747634	
73.839996337891,-0.14132080972195,	-0.11768355220556,-0.64742112159729   ,-0.7395375967025	
73.900001525879,-0.13990353047848,	-0.11925584822893,-0.64134496450424   ,-0.7448300123214	
73.959999084473,-0.13847208023071,	-0.12081142514944,-0.63522595167160   ,-0.7500712871551	
74.019996643066,-0.13702669739723,	-0.12235003709793,-0.62906450033188   ,-0.7552616000175	
74.080001831055,-0.13556748628616,	-0.12387174367905,-0.62286096811295   ,-0.7604002952575	
74.139999389648,-0.13409473001957,	-0.12537638843060,-0.61661595106125   ,-0.7654868364334	
74.199996948242,-0.13260853290558,	-0.12686379253864,-0.61032956838608   ,-0.7705216407775	
74.260002136230,-0.13110916316509,	-0.12833397090435,-0.60400265455246   ,-0.7755036950111	
74.319999694824,-0.12959674000740,	-0.12978678941727,-0.59763538837433   ,-0.7804328203201	
74.379997253418,-0.12807150185108,	-0.13122217357159,-0.59122818708420   ,-0.7853090167045	
74.440002441406,-0.12653362751007,	-0.13263997435570,-0.58478170633316   ,-0.7901316285133	
74.500000000000,-0.12498328834772,	-0.13404019176960,-0.57829630374908   ,-0.7949005365371	
74.559997558594,-0.12342070043087,	-0.13542267680168,-0.57177221775055   ,-0.7996154427528	
74.620002746582,-0.12184609472752,	-0.13678738474846,-0.56521034240723   ,-0.8042760491371	
74.680000305176,-0.12025957554579,	-0.13813418149948,-0.55861079692841   ,-0.8088818192482	
74.739997863770,-0.11866139620543,	-0.13946305215359,-0.55197393894196   ,-0.8134328126907	
74.800003051758,-0.11705173552036,	-0.14077390730381,-0.54530066251755   ,-0.8179282546043	
74.860000610352,-0.11543081700802,	-0.14206658303738,-0.53859078884125   ,-0.8223686218261	
74.919998168945,-0.11379875987768,	-0.14334113895893,-0.53184574842453   ,-0.8267527818679	
74.980003356934,-0.11215582489967,	-0.14459745585918,-0.52506488561630   ,-0.8310813307762	
75.040000915527,-0.11050224304199,	-0.14583535492420,-0.51824945211411   ,-0.8353531360626	
75.099998474121,-0.10883808881044,	-0.14705495536327,-0.51139986515045   ,-0.8395683169364	
75.160003662109,-0.10716362297535,	-0.14825607836246,-0.50451612472534   ,-0.8437266945838	
75.220001220703,-0.10547907650471,	-0.14943866431713,-0.49759900569916   ,-0.8478279709816	
75.279998779297,-0.10378460586071,	-0.15060265362263,-0.49064898490906   ,-0.8518719673156	
75.339996337891,-0.10208039730787,	-0.15174806118011,-0.48366671800613   ,-0.8558579683303	
75.400001525879,-0.10036662966013,	-0.15287470817566,-0.47665247321129   ,-0.8597861528396	
75.459999084473,-0.098643541336060,	-0.15398262441158,-0.46960657835007   ,-0.8636563420295	
75.519996643066,-0.096911355853081,	-0.15507175028324,-0.46252989768982   ,-0.8674679398536	
75.580001831055,-0.095170132815838,	-0.15614202618599,-0.45542252063751   ,-0.8712210655212	
75.639999389648,-0.093420244753361,	-0.15719330310822,-0.44828516244888   ,-0.8749153614044	
75.699996948242,-0.091661751270294,	-0.15822571516037,-0.44111829996109   ,-0.8785504102706	
75.760002136230,-0.089894920587540,	-0.15923905372620,-0.43392241001129   ,-0.8821260929107	
75.819999694824,-0.088119901716709,	-0.16023337841034,-0.42669779062271   ,-0.8856424689292	
75.879997253418,-0.086336940526962,	-0.16120859980583,-0.41944518685341   ,-0.8890990018844	
75.940002441406,-0.084546193480492,	-0.16216468811035,-0.41216525435448   ,-0.8924953341484	
76.000000000000,-0.082747906446457,	-0.16310159862041,-0.40485772490501   ,-0.8958317041397	
76.059997558594,-0.080942183732986,	-0.16401931643486,-0.39752411842346   ,-0.8991074562072	
76.120002746582,-0.079129293560982,	-0.16491775214672,-0.39016425609589   ,-0.9023228287696	
76.180000305176,-0.077309355139732,	-0.16579693555832,-0.38277891278267   ,-0.9054772853851	
76.239997863770,-0.075482703745365,	-0.16665679216385,-0.37536841630936   ,-0.9085708260536	
76.300003051758,-0.073649413883686,	-0.16749729216099,-0.36793318390846   ,-0.9116030931472	
76.360000610352,-0.071809716522694,	-0.16831845045090,-0.36047402024269   ,-0.9145739674568	
76.419998168945,-0.069963768124580,	-0.16912022233009,-0.35299134254456   ,-0.9174832701683	
76.480003356934,-0.068111851811409,	-0.16990256309509,-0.34548556804657   ,-0.9203308820724	
76.540000915527,-0.066254056990147,	-0.17066544294357,-0.33795717358589   ,-0.9231167435646	
76.599998474121,-0.064390651881695,	-0.17140889167786,-0.33040684461594   ,-0.9258404374122	
76.660003662109,-0.062521778047085,	-0.17213284969330,-0.32283514738083   ,-0.9285018444061	
76.720001220703,-0.060647714883089,	-0.17283727228642,-0.31524187326431   ,-0.9311010241508	
76.779998779297,-0.058768518269062,	-0.17352224886417,-0.30762872099876   ,-0.9336372613906	
76.839996337891,-0.056884504854679,	-0.17418766021729,-0.29999506473541   ,-0.9361111521720	
76.900001525879,-0.054995823651552,	-0.17483352124691,-0.29234233498573   ,-0.9385219812393	
76.959999084473,-0.053102612495422,	-0.17545983195305,-0.28467035293579   ,-0.9408698678016	
77.019996643066,-0.051205150783062,	-0.17606659233570,-0.27698013186455   ,-0.9431546926498	
77.080001831055,-0.049303591251373,	-0.17665381729603,-0.26927170157433   ,-0.9453762173652	
77.139999389648,-0.047398138791323,	-0.17722144722939,-0.26154607534409   ,-0.9475342035293	
77.199996948242,-0.045488879084587,	-0.17776952683926,-0.25380373001099   ,-0.9496286511421	
77.260002136230,-0.043576199561357,	-0.17829799652100,-0.24604482948780   ,-0.9516596198082	
77.319999694824,-0.041660081595182,	-0.17880693078041,-0.23826977610588   ,-0.9536266326904	
77.379997253418,-0.039740875363350,	-0.17929627001286,-0.23047967255116   ,-0.9555298089981	
77.440002441406,-0.037818681448698,	-0.17976605892181,-0.22267474234104   ,-0.9573689699173	
77.500000000000,-0.035893734544516,	-0.18021626770496,-0.21485555171967   ,-0.9591439962387	
77.559997558594,-0.033966172486544,	-0.18064694106579,-0.20702260732651   ,-0.9608547687530	
77.620002746582,-0.032036226242781,	-0.18105806410313,-0.19917623698711   ,-0.9625013470649	
77.680000305176,-0.030104042962193,	-0.18144965171814,-0.19131740927696   ,-0.9640832543373	
77.739997863770,-0.028169842436910,	-0.18182173371315,-0.18344619870186   ,-0.9656008481979	
77.800003051758,-0.026233812794089,	-0.18217428028584,-0.17556339502335   ,-0.9670538306236	
77.860000610352,-0.024296134710312,	-0.18250733613968,-0.16766948997974   ,-0.9684420824050	
77.919998168945,-0.022356957197189,	-0.18282094597816,-0.15976503491402   ,-0.9697655439376	
77.980003356934,-0.020416498184204,	-0.18311506509781,-0.15185058116913   ,-0.9710242152214	
78.040000915527,-0.018474902957678,	-0.18338975310326,-0.14392617344856   ,-0.9722179770469	
78.099998474121,-0.016532436013222,	-0.18364502489567,-0.13599307835102   ,-0.9733468890190	
78.160003662109,-0.014589152298868,	-0.18388091027737,-0.12805132567883   ,-0.9744105935096	
78.220001220703,-0.012645409442484,	-0.18409743905067,-0.12010170519352   ,-0.9754091501236	
78.279998779297,-0.010701166465878,	-0.18429462611675,-0.11214452236891   ,-0.9763427376747	
78.339996337891,-0.0087567809969187,-0.18447248637676,-0.10418029874563   ,-0.9772111177444	
78.400001525879,-0.0068123894743621,-0.18463104963303,-0.096210047602654  ,-0.9780141711235	
78.459999084473,-0.0048681395128369,-0.18477039039135,-0.088233664631844  ,-0.9787520766258	
78.519996643066,-0.0029242304153740,-0.18489047884941,-0.080252267420292  ,-0.9794245362281	
78.580001831055,-0.00098080874886364,-0.18499141931534,-0.072265759110451 ,-0.9800317287445	
78.639999389648,0.00096190336626023,-0.18507321178913,-0.064275130629539  ,-0.9805734753608	
78.699996948242,0.0029037725180387,	-0.18513585627079,-0.0562806949019    ,-0.9810498952865	
78.760002136230,0.0048446212895215,	-0.18517945706844,-0.0482832193374    ,-0.9814608693122	
78.819999694824,0.0067841848358512,	-0.18520401418209,-0.0402830056846    ,-0.9818063974380	
78.879997253418,0.0087223770096898,	-0.18520957231522,-0.0322805941104    ,-0.9820864796638	
78.940002441406,0.010659065097570,	-0.18519619107246,-0.0242767538875    ,-0.9823011755943	
79.000000000000,0.012593988329172,	-0.18516390025616,-0.0162715595215    ,-0.9824503064155	
79.059997558594,0.014527014456689,	-0.18511274456978,-0.0082660084590    ,-0.9825341105461	
79.120002746582,0.016457971185446,	-0.18504279851913,-0.0002604098408    ,-0.9825523495674	
79.180000305176,0.018386686220765,	-0.18495407700539,0.00774470251053    ,-0.9825052022934	
79.239997863770,0.020312987267971,	-0.18484665453434,0.01574902608990    ,-0.9823926091194	
79.300003051758,0.022236658260226,	-0.18472054600716,0.02375132404267    ,-0.9822146892547	
79.360000610352,0.024157665669918,	-0.18457584083080,0.03175175189971    ,-0.9819712638855	
79.419998168945,0.026075702160597,	-0.18441258370876,0.03974955901503    ,-0.9816625118255	
79.480003356934,0.027990687638521,	-0.18423083424568,0.04774419590830    ,-0.9812885522842	
79.540000915527,0.029902409762144,	-0.18403065204620,0.05573512613773    ,-0.9808490872383	
79.599998474121,0.031810700893402,	-0.18381205201149,0.06372182816267    ,-0.9803445339202	
79.660003662109,0.033715486526489,	-0.18357515335083,0.07170376181602    ,-0.9797747135162	
79.720001220703,0.035616505891085,	-0.18331998586655,0.07968061417341    ,-0.9791396856308	
79.779998779297,0.037513595074415,	-0.18304660916328,0.08765164017677    ,-0.9784396886825	
79.839996337891,0.039406683295965,	-0.18275511264801,0.09561605006456    ,-0.9776744246482	
79.900001525879,0.041295513510704,	-0.18244554102421,0.10357379913330    ,-0.9768442511558	
79.959999084473,0.043179970234632,	-0.18211795389652,0.11152409762144    ,-0.9759491086006	
80.019996643066,0.045059934258461,	-0.18177242577076,0.11946668475866    ,-0.9749892354011	
80.080001831055,0.046935193240643,	-0.18140904605389,0.12740075588226    ,-0.9739643335342	
80.139999389648,0.048805598169565,	-0.18102785944939,0.13532605767250    ,-0.9728748798370	
80.199996948242,0.050671029835939,	-0.18062891066074,0.14324156939983    ,-0.9717207551002	
80.260002136230,0.052531324326992,	-0.18021233379841,0.15114721655846    ,-0.9705020189285	
80.319999694824,0.054386287927628,	-0.17977815866470,0.15904249250889    ,-0.9692187309265	
80.379997253418,0.056235760450363,	-0.17932647466660,0.16692663729191    ,-0.9678712487220	
80.440002441406,0.058079667389393,	-0.17885735630989,0.17479909956455    ,-0.9664593935012	
80.500000000000,0.059917822480202,	-0.17837087810040,0.18265962600708    ,-0.9649833440780	
80.559997558594,0.061750069260597,	-0.17786712944508,0.19050766527653    ,-0.9634432792663	
80.620002746582,0.063576288521290,	-0.17734618484974,0.19834269583225    ,-0.9618391394615	
80.680000305176,0.065396241843700,	-0.17680808901787,0.20616397261620    ,-0.9601712226867	
80.739997863770,0.067209914326668,	-0.17625297605991,0.21397097408772    ,-0.9584395885467	
80.800003051758,0.069017030298710,	-0.17568090558052,0.22176341712475    ,-0.9566442966461	
80.860000610352,0.070817522704601,	-0.17509195208549,0.22954075038433    ,-0.9547854065895	
80.919998168945,0.072611272335052,	-0.17448620498180,0.23730248212814    ,-0.9528632760047	
80.980003356934,0.074398070573807,	-0.17386376857758,0.24504764378071    ,-0.9508779644966	
81.040000915527,0.076177842915058,	-0.17322470247746,0.25277662277222    ,-0.9488293528556	
81.099998474121,0.077950440347195,	-0.17256909608841,0.26048818230629    ,-0.9467177391052	
81.160003662109,0.079715684056282,	-0.17189708352089,0.26818212866783    ,-0.9445436000824	
81.220001220703,0.081473387777805,	-0.17120870947838,0.27585786581039    ,-0.9423065185546	
81.279998779297,0.083223529160023,	-0.17050406336784,0.28351491689682    ,-0.9400071501731	
81.339996337891,0.084965929389000,	-0.16978323459625,0.29115253686905    ,-0.9376453161239	
81.400001525879,0.086700454354286,	-0.16904634237289,0.29877066612244    ,-0.9352211952209	
81.459999084473,0.088426955044270,	-0.16829344630241,0.30636835098267    ,-0.9327351450920	
81.519996643066,0.090145289897919,	-0.16752469539642,0.31394556164742    ,-0.9301873445510	
81.580001831055,0.091855376958847,	-0.16674014925957,0.32150152325630    ,-0.9275775551796	
81.639999389648,0.093557037413120,	-0.16593988239765,0.32903555035591    ,-0.9249064326286	
81.699996948242,0.095250174403191,	-0.16512404382229,0.33654755353928    ,-0.9221740961074	
81.760002136230,0.096934616565704,	-0.16429270803928,0.34403657913208    ,-0.9193804860115	
81.819999694824,0.098610341548920,	-0.16344593465328,0.35150280594826    ,-0.9165257811546	
81.879997253418,0.10027710348368,	-0.16258387267590,0.35894533991814    ,-0.9136103987693	
81.940002441406,0.10193482041359,	-0.16170662641525,0.36636340618134    ,-0.9106343388557	
82.000000000000,0.10358342528343,	-0.16081425547600,0.37375697493553    ,-0.9075979590416	
82.059997558594,0.10522269457579,	-0.15990689396858,0.38112536072731    ,-0.9045014977455	
82.120002746582,0.10685259848833,	-0.15898463129997,0.38846826553345    ,-0.9013450145721	
82.180000305176,0.10847295075655,	-0.15804763138294,0.39578470587730    ,-0.8981288075447	
82.239997863770,0.11008367687464,	-0.15709589421749,0.40307494997978    ,-0.8948529362678	
82.300003051758,0.11168465763330,	-0.15612958371639,0.41033756732941    ,-0.8915179371833	
82.360000610352,0.11327573657036,	-0.15514881908894,0.41757300496101    ,-0.8881236314773	
82.419998168945,0.11485680192709,	-0.15415371954441,0.42478048801422    ,-0.8846703171730	
82.480003356934,0.11642780154943,	-0.15314429998398,0.43195962905884    ,-0.8811584711074	
82.540000915527,0.11798860132694,	-0.15212072432041,0.43910944461823    ,-0.8775883316993	
82.599998474121,0.11953906714916,	-0.15108312666416,0.44622990489006    ,-0.8739598989486	
82.660003662109,0.12107904255390,	-0.15003164112568,0.45332032442093    ,-0.8702735900878	
82.720001220703,0.12260853499174,	-0.14896631240845,0.46038040518761    ,-0.8665294647216	
82.779998779297,0.12412731349468,	-0.14788727462292,0.46740999817848    ,-0.8627278804779	
82.839996337891,0.12563538551331,	-0.14679464697838,0.47440788149834    ,-0.8588691949844	
82.900001525879,0.12713260948658,	-0.14568851888180,0.48137408494949    ,-0.8549534678459	
82.959999084473,0.12861877679825,	-0.14456909894943,0.48830813169479    ,-0.8509811162948	
83.019996643066,0.13009391725063,	-0.14343635737896,0.49520954489708    ,-0.8469523787498	
83.080001831055,0.13155794143677,	-0.14229042828083,0.50207740068436    ,-0.8428675532341	
83.139999389648,0.13301056623459,	-0.14113156497478,0.50891214609146    ,-0.8387264609336	
83.199996948242,0.13445191085339,	-0.13995975255966,0.51571273803711    ,-0.8345301747322	
83.260002136230,0.13588173687458,	-0.13877518475056,0.52247881889343    ,-0.8302782773971	
83.319999694824,0.13730001449585,	-0.13757790625095,0.52920997142792    ,-0.8259712457656	
83.379997253418,0.13870657980442,	-0.13636812567711,0.53590571880341    ,-0.8216094970703	
83.440002441406,0.14010143280029,	-0.13514582812786,0.54256570339203    ,-0.8171934485435	
83.500000000000,0.14148442447186,	-0.13391125202179,0.54918926954269    ,-0.8127230405807	
83.559997558594,0.14285543560982,	-0.13266454637051,0.55577629804611    ,-0.8081988096237	
83.620002746582,0.14421443641186,	-0.13140568137169,0.56232601404190    ,-0.8036208152771	
83.680000305176,0.14556129276752,	-0.13013488054276,0.56883823871613    ,-0.7989897131919	
83.739997863770,0.14689591526985,	-0.12885223329067,0.57531279325485    ,-0.7943052053451	
83.800003051758,0.14821828901768,	-0.12755781412125,0.58174854516983    ,-0.7895683646202	
83.860000610352,0.14952820539474,	-0.12625190615654,0.58814555406570    ,-0.7847790718078	
83.919998168945,0.15082567930222,	-0.12493449449539,0.59450316429138    ,-0.7799375057220	
83.980003356934,0.15211062133312,	-0.12360569089651,0.60082113742828    ,-0.7750443816185	
84.040000915527,0.15338282287121,	-0.12226576358080,0.60709929466248    ,-0.7700997591018	
84.099998474121,0.15464238822460,	-0.12091465294361,0.61333644390106    ,-0.7651041746139	
84.160003662109,0.15588915348053,	-0.11955254524946,0.61953306198120    ,-0.7600573301315	
84.220001220703,0.15712293982506,	-0.11817971616983,0.62568819522858    ,-0.7549602985382	
84.279998779297,0.15834386646748,	-0.11679600179195,0.63180154561996    ,-0.7498132586479	
84.339996337891,0.15955170989037,	-0.11540177464485,0.63787263631821    ,-0.7446164488792	
84.400001525879,0.16074645519257,	-0.11399706453085,0.64390146732330    ,-0.7393697500228	
84.459999084473,0.16192798316479,	-0.11258202046156,0.64988702535629    ,-0.7340744137764	
84.519996643066,0.16309626400471,	-0.11115669459105,0.65582937002182    ,-0.7287299633026	
84.580001831055,0.16425123810768,	-0.10972131043673,0.66172790527344    ,-0.7233373522758	
84.639999389648,0.16539275646210,	-0.10827598720789,0.66758233308792    ,-0.7178965806961	
84.699996948242,0.16652084887028,	-0.10682077705860,0.67339241504669    ,-0.7124080061912	
84.760002136230,0.16763536632061,	-0.10535582900047,0.67915725708008    ,-0.7068723440170	
84.819999694824,0.16873627901077,	-0.10388135164976,0.68487697839737    ,-0.7012893557548	
84.879997253418,0.16982352733612,	-0.10239738970995,0.69055104255676    ,-0.6956599950790	
84.940002441406,0.17089702188969,	-0.10090417414904,0.69617891311646    ,-0.6899843215942	
85.000000000000,0.17195674777031,	-0.099401682615280,0.70176041126251   ,-0.6842626929283	
85.059997558594,0.17300258576870,	-0.097890108823776,0.70729494094849   ,-0.6784955263137	
85.120002746582,0.17403450608253,	-0.096369609236717,0.71278250217438   ,-0.6726831793785	
85.180000305176,0.17505241930485,	-0.094840325415134,0.71822243928909   ,-0.6668264269828	
85.239997863770,0.17605634033680,	-0.093302294611931,0.72361445426941   ,-0.6609249114990	
85.300003051758,0.17704613506794,	-0.091755732893944,0.72895818948746   ,-0.6549796462059	
85.360000610352,0.17802174389362,	-0.090200796723366,0.73425322771072   ,-0.6489908695220	
85.419998168945,0.17898318171501,	-0.088637530803680,0.73949950933456   ,-0.6429584622383	
85.480003356934,0.17993032932281,	-0.087066069245338,0.74469625949860   ,-0.6368836164474	
85.540000915527,0.18086317181587,	-0.085486643016338,0.74984341859818   ,-0.6307659149169	
85.599998474121,0.18178164958954,	-0.083899207413197,0.75494050979614   ,-0.6246066689491	
85.660003662109,0.18268568813801,	-0.082304082810879,0.75998735427856   ,-0.6184054017067	
85.720001220703,0.18357525765896,	-0.080701373517513,0.76498323678970   ,-0.6121632456779	
85.779998779297,0.18445029854774,	-0.079091064631939,0.76992821693420   ,-0.6058803796768	
85.839996337891,0.18531081080437,	-0.077473446726799,0.77482193708420   ,-0.5995568037033	
85.900001525879,0.18615670502186,	-0.075848504900932,0.77966380119324   ,-0.5931931734085	
85.959999084473,0.18698793649673,	-0.074216485023499,0.78445380926132   ,-0.5867900848388	
86.019996643066,0.18780446052551,	-0.072577521204948,0.78919118642807   ,-0.5803482532501	
86.080001831055,0.18860627710819,	-0.070931665599346,0.79387623071671   ,-0.5738669037818	
86.139999389648,0.18939328193665,	-0.069279104471207,0.79850798845291   ,-0.5673477649688	
86.199996948242,0.19016547501087,	-0.067619964480400,0.80308663845062   ,-0.5607907772064	
86.260002136230,0.19092281162739,	-0.065954349935055,0.80761158466339   ,-0.5541960597038	
86.319999694824,0.19166524708271,	-0.064282447099686,0.81208252906799   ,-0.5475647449493	
86.379997253418,0.19239275157452,	-0.062604293227196,0.81649941205978   ,-0.5408965945243	
86.440002441406,0.19310531020164,	-0.060920093208551,0.82086163759232   ,-0.5341922640800	
86.500000000000,0.19380284845829,	-0.059229966253042,0.82516908645630   ,-0.5274519920349	
86.559997558594,0.19448535144329,	-0.057534065097570,0.82942152023315   ,-0.5206764936447	
86.620002746582,0.19515277445316,	-0.055832523852587,0.83361858129501   ,-0.5138663649559	
86.680000305176,0.19580511748791,	-0.054125387221575,0.83775973320007   ,-0.5070218443870	
86.739997863770,0.19644232094288,	-0.052412897348404,0.84184503555298   ,-0.5001435875892	
86.800003051758,0.19706438481808,	-0.050695091485977,0.84587407112122   ,-0.4932315349578	
86.860000610352,0.19767124950886,	-0.048972159624100,0.84984672069550   ,-0.4862861335277	
86.919998168945,0.19826292991638,	-0.047244243323803,0.85376238822937   ,-0.4793087542057	
86.980003356934,0.19883938133717,	-0.045511376112700,0.85762095451355   ,-0.4722989797592	
87.040000915527,0.19940054416656,	-0.043773904442787,0.86142235994339   ,-0.4652577042579	
87.099998474121,0.19994643330574,	-0.042031712830067,0.86516612768173   ,-0.4581849277019	
87.160003662109,0.20047701895237,	-0.040285050868988,0.86885195970535   ,-0.4510816037654	
87.220001220703,0.20099227130413,	-0.038534041494131,0.87247979640961   ,-0.4439477324485	
87.279998779297,0.20149220526218,	-0.036778837442398,0.87604922056198   ,-0.4367842078208	
87.339996337891,0.20197677612305,	-0.035019479691982,0.87956005334854   ,-0.4295915961265	
87.400001525879,0.20244595408440,	-0.033256292343140,0.88301199674606   ,-0.4223698377609	
87.459999084473,0.20289972424507,	-0.031489130109549,0.88640487194061   ,-0.4151194691658	
87.519996643066,0.20333811640739,	-0.029718324542046,0.88973844051361   ,-0.4078414142131	
87.580001831055,0.20376105606556,	-0.027944006025791,0.89301240444183   ,-0.4005360603332	
87.639999389648,0.20416857302189,	-0.026166133582592,0.89622664451599   ,-0.3932036161422	
87.699996948242,0.20456062257290,	-0.024385023862123,0.89938086271286   ,-0.3858444690704	
87.760002136230,0.20493721961975,	-0.022600777447224,0.90247488021851   ,-0.3784593641758	
87.819999694824,0.20529833436012,	-0.020813426002860,0.90550833940506   ,-0.3710489273071	
87.879997253418,0.20564395189285,	-0.019023111090064,0.90848129987717   ,-0.3636130988597	
87.940002441406,0.20597410202026,	-0.017230069264770,0.91139316558838   ,-0.3561532199382	
88.000000000000,0.20628875494003,	-0.015434385277331,0.91424411535263   ,-0.3486689031124	
88.059997558594,0.20658789575100,	-0.013636098243296,0.91703367233276   ,-0.3411610722541	
88.120002746582,0.20687153935432,	-0.011835442855954,0.91976177692413   ,-0.3336302340030	
88.180000305176,0.20713967084885,	-0.010032556019723,0.92242825031281   ,-0.3260766863822	
88.239997863770,0.20739229023457,	-0.0082273753359914,0.92503273487091  ,-0.3185013532638	
88.300003051758,0.20762933790684,	-0.0064203352667391,0.92757534980774  ,-0.3109041154384	
88.360000610352,0.20785091817379,	-0.0046112714335322,0.93005555868149  ,-0.3032861351966	
88.419998168945,0.20805697143078,	-0.0028005186468363,0.93247330188751  ,-0.2956471741199	
88.480003356934,0.20824751257896,	-0.00098811183124781,0.93482857942581 ,-0.2879885137081	
88.540000915527,0.20842252671719,	0.00082581420429051,0.93712115287781  ,-0.2803097069263	
88.599998474121,0.20858202874660,	0.0026411747094244,	0.93935066461563  ,-0.2726122438907
88.660003662109,0.20872600376606,	0.0044577862136066,	0.94151711463928  ,-0.2648960947990
88.720001220703,0.20885451138020,	0.0062754657119513,	0.94362026453018  ,-0.2571620345115
88.779998779297,0.20896747708321,	0.0080942278727889,	0.94565999507904  ,-0.2494103759527
88.839996337891,0.20906497538090,	0.0099138421937823,	0.94763618707657  ,-0.2416414171457
88.900001525879,0.20914697647095,	0.011734274215996,	0.94954866170883  ,-0.2338563203811
88.959999084473,0.20921349525452,	0.013555290177464,	0.95139729976654  ,-0.2260549664497
89.019996643066,0.20926453173161,	0.015376862138510,	0.95318186283112  ,-0.2182380557060
89.080001831055,0.20930014550686,	0.017198806628585,	0.95490229129791  ,-0.2104063779115
89.139999389648,0.20932029187679,	0.019021041691303,	0.95655846595764  ,-0.2025599926710
89.199996948242,0.20932500064373,	0.020843386650085,	0.95815026760101  ,-0.1946996748447
89.260002136230,0.20931428670883,	0.022665759548545,	0.95967757701874  ,-0.1868261396884
89.319999694824,0.20928817987442,	0.024488035589457,	0.96114021539688  ,-0.1789397299289
89.379997253418,0.20924666523933,	0.026310129091144,	0.96253800392151  ,-0.1710409373045
89.440002441406,0.20918975770473,	0.028131864964962,	0.96387106180191  ,-0.1631298810243
89.500000000000,0.20911750197411,	0.029953058809042,	0.96513903141022  ,-0.1552079766988
89.559997558594,0.20902989804745,	0.031773786991835,	0.96634191274643  ,-0.1472748368978
89.620002746582,0.20892697572708,	0.033593770116568,	0.96747970581055  ,-0.1393319368362
89.680000305176,0.20880874991417,	0.035412929952145,	0.96855211257935  ,-0.1313788741827
89.739997863770,0.20867522060871,	0.037231087684631,	0.96955925226212  ,-0.1234166622161
89.800003051758,0.20852643251419,	0.039048269391060,	0.97050082683563  ,-0.1154458075761
89.860000610352,0.20836237072945,	0.040864247828722,	0.97137695550919  ,-0.1074666604399
89.919998168945,0.20818312466145,	0.042678896337748,	0.97218734025955  ,-0.0994799584150
89.980003356934,0.20798864960670,	0.044492188841105,	0.97293221950531  ,-0.0914860293269
90.040000915527,0.20777902007103,	0.046303901821375,	0.97361117601395  ,-0.0834856331348
90.099998474121,0.20755422115326,	0.048113960772753,	0.97422432899475  ,-0.0754793137311
90.160003662109,0.20731428265572,	0.049922287464142,	0.97477161884308  ,-0.0674673914909
90.220001220703,0.20705927908421,	0.051728714257479,	0.97525286674500  ,-0.0594506226480
90.279998779297,0.20678916573524,	0.053533162921667,	0.97566819190979  ,-0.0514291040599
90.339996337891,0.20650401711464,	0.055335454642773,	0.97601741552353  ,-0.0434038378298
90.400001525879,0.20620386302471,	0.057135585695505,	0.97630065679550  ,-0.0353751406073
90.459999084473,0.20588870346546,	0.058933321386576,	0.97651755809784  ,-0.0273437816649
90.519996643066,0.20555859804153,	0.060728684067726,	0.97666835784912  ,-0.0193100795149
90.580001831055,0.20521356165409,	0.062521420419216,	0.97675299644470  ,-0.0112743489444
90.639999389648,0.20485362410545,	0.064311489462852,	0.97677129507065  ,-0.0032378339674
90.699996948242,0.20447883009911,	0.066098734736443,	0.97672337293625  ,0.00479961605742
90.760002136230,0.20408917963505,	0.067883089184761,	0.97660917043686  ,0.01283698715269
90.819999694824,0.20368476212025,	0.069664470851421,	0.97642856836319  ,0.02087419666349
90.879997253418,0.20326557755470,	0.071442715823650,	0.97618174552917  ,0.02891046367585
90.940002441406,0.20283165574074,	0.073217719793320,	0.97586846351624  ,0.03694546967744
91.000000000000,0.20238304138184,	0.074989348649979,	0.97548896074295  ,0.04497797042131
91.059997558594,0.20191977918148,	0.076757542788982,	0.97504305839539  ,0.05300811305642
91.120002746582,0.20144188404083,	0.078522220253944,	0.97453093528748  ,0.06103534251451
91.180000305176,0.20094941556454,	0.080283150076866,	0.97395241260529  ,0.06905864924192
91.239997863770,0.20044238865376,	0.082040332257748,	0.97330749034882  ,0.07707794755697
91.300003051758,0.19992089271545,	0.083793669939041,	0.97259640693665  ,0.08509246259927
91.360000610352,0.19938491284847,	0.085542939603329,	0.97181904315948  ,0.09310185164213
91.419998168945,0.19883452355862,	0.087288133800030,	0.97097539901733  ,0.10110513120890
91.480003356934,0.19826972484589,	0.089029185473919,	0.97006559371948  ,0.10910219699144
91.540000915527,0.19769060611725,	0.090765878558159,	0.96908956766129  ,0.11709272116423
91.599998474121,0.19709718227386,	0.092498160898685,	0.96804732084274  ,0.12507547438145
91.660003662109,0.19648946821690,	0.094225957989693,	0.96693921089172  ,0.13305012881756
91.720001220703,0.19586758315563,	0.095949120819569,	0.96576482057571  ,0.14101636409760
91.779998779297,0.19523152709007,	0.097667537629604,	0.96452444791794  ,0.14897386729717
91.839996337891,0.19458134472370,	0.099381133913994,	0.96321821212769  ,0.15692138671875
91.900001525879,0.19391706585884,	0.10108985751867,	0.96184611320496  ,0.16485910117626
91.959999084473,0.19323877990246,	0.10279351472855,	0.96040815114975  ,0.17278616130352
92.019996643066,0.19254648685455,	0.10449202358723,	0.95890450477600  ,0.18070161342621
92.080001831055,0.19184027612209,	0.10618533939123,	0.95733511447906  ,0.18860557675362
92.139999389648,0.19112014770508,	0.10787329822779,	0.95570009946823  ,0.19649703800678
92.199996948242,0.19038617610931,	0.10955584794283,	0.95399963855743  ,0.20437592267990
92.260002136230,0.18963843584061,	0.11123283952475,	0.95223373174667  ,0.21224142611027
92.319999694824,0.18887694180012,	0.11290419846773,	0.95040237903595  ,0.22009304165840
92.379997253418,0.18810172379017,	0.11456986516714,	0.94850587844849  ,0.22793018817902
92.440002441406,0.18731287121773,	0.11622972041368,	0.94654411077499  ,0.23575231432915
92.500000000000,0.18651042878628,	0.11788362264633,	0.94451743364334  ,0.24355891346931
92.559997558594,0.18569444119930,	0.11953158676624,	0.94242572784424  ,0.25134935975075
92.620002746582,0.18486495316029,	0.12117340415716,	0.94026923179626  ,0.25912344455719
92.680000305176,0.18402202427387,	0.12280897796154,	0.93804800510406  ,0.26688030362129
92.739997863770,0.18316569924355,	0.12443830817938,	0.93576216697693  ,0.27461922168732
92.800003051758,0.18229603767395,	0.12606126070023,	0.93341183662415  ,0.28234031796455
92.860000610352,0.18141312897205,	0.12767769396305,	0.93099725246429  ,0.29004254937172
92.919998168945,0.18051695823669,	0.12928757071495,	0.92851835489273  ,0.29772543907166
92.980003356934,0.17960761487484,	0.13089078664780,	0.92597538232803  ,0.30538886785507
93.040000915527,0.17868514358997,	0.13248723745346,	0.92336857318878  ,0.31303164362907
93.099998474121,0.17774961888790,	0.13407684862614,	0.92069786787033  ,0.32065388560295
93.160003662109,0.17680108547211,	0.13565950095654,	0.91796356439590  ,0.32825434207916
93.220001220703,0.17583960294724,	0.13723513484001,	0.91516578197479  ,0.33583316206932
93.279998779297,0.17486523091793,	0.13880366086960,	0.91230458021164  ,0.34338960051537
93.339996337891,0.17387801408768,	0.14036497473717,	0.90938037633896  ,0.35092294216156
93.400001525879,0.17287799715996,	0.14191897213459,	0.90639305114746  ,0.35843279957771
93.459999084473,0.17186526954174,	0.14346563816071,	0.90334296226501  ,0.36591848731041
93.519996643066,0.17083987593651,	0.14500477910042,	0.90023010969162  ,0.37337979674339
93.580001831055,0.16980187594891,	0.14653643965721,	0.89705485105515  ,0.38081631064415
93.639999389648,0.16875132918358,	0.14806039631367,	0.89381724596024  ,0.38822704553604
93.699996948242,0.16768828034401,	0.14957664906979,	0.89051753282547  ,0.39561158418655
93.760002136230,0.16661280393600,	0.15108507871628,	0.88715595006943  ,0.40296950936317
93.819999694824,0.16552495956421,	0.15258562564850,	0.88373261690140  ,0.41030028462410
93.879997253418,0.16442480683327,	0.15407818555832,	0.88024777173996  ,0.41760352253914
93.940002441406,0.16331242024899,	0.15556268393993,	0.87670153379440  ,0.42487874627113
94.000000000000,0.16218782961369,	0.15703904628754,	0.87309437990189  ,0.43212479352951
94.059997558594,0.16105110943317,	0.15850719809532,	0.86942619085312  ,0.43934223055840
94.120002746582,0.15990233421326,	0.15996702015400,	0.86569732427597  ,0.44652962684631
94.180000305176,0.15874154865742,	0.16141845285892,	0.86190795898438  ,0.45368689298630
94.239997863770,0.15756882727146,	0.16286145150661,	0.85805839300156  ,0.46081334352493
94.300003051758,0.15638421475887,	0.16429583728313,	0.85414880514145  ,0.46790871024132
94.360000610352,0.15518780052662,	0.16572166979313,	0.85017943382263  ,0.47497209906578
94.419998168945,0.15397961437702,	0.16713874042034,	0.84615057706833  ,0.48200353980064
94.480003356934,0.15275976061821,	0.16854706406593,	0.84206235408783  ,0.48900225758553
94.540000915527,0.15152826905251,	0.16994653642178,	0.83791506290436  ,0.49596759676933
94.599998474121,0.15028522908688,	0.17133700847626,	0.83370894193649  ,0.50289922952652
94.660003662109,0.14903068542480,	0.17271851003170,	0.82944434881210  ,0.50979638099670
94.720001220703,0.14776468276978,	0.17409092187881,	0.82512146234512  ,0.51665902137756
94.779998779297,0.14648734033108,	0.17545412480831,	0.82074052095413  ,0.52348643541336
94.839996337891,0.14519868791103,	0.17680813372135,	0.81630176305771  ,0.53027808666229
94.900001525879,0.14389880001545,	0.17815279960632,	0.81180560588837  ,0.53703349828720
94.959999084473,0.14258772134781,	0.17948809266090,	0.80725210905075  ,0.54375237226486
95.019996643066,0.14126555621624,	0.18081392347813,	0.80264168977737  ,0.55043381452560
95.080001831055,0.13993233442307,	0.18213020265102,	0.79797464609146  ,0.55707758665085
95.139999389648,0.13858814537525,	0.18343687057495,	0.79325115680695  ,0.56368339061737
95.199996948242,0.13723304867744,	0.18473389744759,	0.78847157955170  ,0.57025051116943
95.260002136230,0.13586710393429,	0.18602113425732,	0.78363621234894  ,0.57677835226059
95.319999694824,0.13449031114578,	0.18729861080647,	0.77874523401260  ,0.58326715230942
95.379997253418,0.13310290873051,	0.18856611847878,	0.77379912137985  ,0.58971542119980
95.440002441406,0.13170488178730,	0.18982362747192,	0.76879847049713  ,0.59612274169922
95.500000000000,0.13029631972313,	0.19107110798359,	0.76374280452728  ,0.60248959064484
95.559997558594,0.12887701392174,	0.19230861961842,	0.75863325595856  ,0.60881441831589
95.620002746582,0.12744750082493,	0.19353581964970,	0.75346922874451  ,0.61509793996811
95.680000305176,0.12600757181644,	0.19475281238556,	0.74825179576874  ,0.62133878469467
95.739997863770,0.12455731630325,	0.19595950841904,	0.74298119544983  ,0.62753659486771
95.800003051758,0.12309668958187,	0.19715590775013,	0.73765742778778  ,0.63369119167328
95.860000610352,0.12162609398365,	0.19834175705910,	0.73228120803833  ,0.63980180025101
95.919998168945,0.12014529109001,	0.19951714575291,	0.72685253620148  ,0.64586830139160
95.980003356934,0.11865445971489,	0.20068198442459,	0.72137206792831  ,0.65188986063004
96.040000915527,0.11715366691351,	0.20183616876602,	0.71583956480026  ,0.65786671638489
96.099998474121,0.11564310640097,	0.20297956466675,	0.71025627851486  ,0.66379725933075
96.160003662109,0.11412255465984,	0.20411230623722,	0.70462167263031  ,0.66968226432800
96.220001220703,0.11259228736162,	0.20523418486118,	0.69893646240234  ,0.67552083730698
96.279998779297,0.11105237901211,	0.20634514093399,	0.69320118427277  ,0.68131208419800
96.339996337891,0.10950282216072,	0.20744518935680,	0.68741601705551  ,0.68705612421036
96.400001525879,0.10794366151094,	0.20853418111801,	0.68158161640167  ,0.69275200366974
96.459999084473,0.10637511312962,	0.20961210131645,	0.67569816112518  ,0.69839960336685
96.519996643066,0.10479703545570,	0.21067890524864,	0.66976517438889  ,0.70399922132492
96.580001831055,0.10320976376534,	0.21173442900181,	0.66378450393677  ,0.70954900979996
96.639999389648,0.10161315649748,	0.21277873218060,	0.65775585174561  ,0.71504926681519
96.699996948242,0.10000734776258,	0.21381171047688,	0.65167969465256  ,0.72049951553345
96.760002136230,0.098392412066460,	0.21483328938484,	0.64555591344833  ,0.72589963674545
96.819999694824,0.096768409013748,	0.21584342420101,	0.63938570022583  ,0.73124861717224
96.879997253418,0.095135428011417,	0.21684207022190,	0.63316875696182  ,0.73654657602310
96.940002441406,0.093493506312370,	0.21782913804054,	0.62690585851669  ,0.74179285764694
97.000000000000,0.091842755675316,	0.21880458295345,	0.62059772014618  ,0.74698662757874
97.059997558594,0.090183205902576,	0.21976833045483,	0.61424416303635  ,0.75212818384171
97.120002746582,0.088514953851700,	0.22072036564350,	0.60784548521042  ,0.75721704959869
97.180000305176,0.086838051676750,	0.22166059911251,	0.60140269994736  ,0.76225227117538
97.239997863770,0.085152581334114,	0.22258894145489,	0.59491592645645  ,0.76723390817642
97.300003051758,0.083458617329597,	0.22350540757179,	0.58838564157486  ,0.77216154336929
97.360000610352,0.081756226718426,	0.22440989315510,	0.58181226253510  ,0.77703452110291
97.419998168945,0.080045469105244,	0.22530235350132,	0.57519620656967  ,0.78185266256332
97.480003356934,0.078326433897018,	0.22618274390697,	0.56853789091110  ,0.78661566972733
97.540000915527,0.076599165797234,	0.22705097496510,	0.56183779239655  ,0.79132270812988
97.599998474121,0.074863761663437,	0.22790703177452,	0.55509626865387  ,0.79597383737564
97.660003662109,0.073120281100273,	0.22875083982944,	0.54831385612488  ,0.80056852102280
97.720001220703,0.071368783712387,	0.22958233952522,	0.54149091243744  ,0.80510646104813
97.779998779297,0.069609366357327,	0.23040150105953,	0.53462791442871  ,0.80958718061447
97.839996337891,0.067842073738575,	0.23120824992657,	0.52772545814514  ,0.81401020288467
97.900001525879,0.066066995263100,	0.23200254142284,	0.52078378200531  ,0.81837540864944
97.959999084473,0.064284190535545,	0.23278428614140,	0.51380348205566  ,0.82268232107162
98.019996643066,0.062493726611137,	0.23355346918106,	0.50678497552872  ,0.82693052291870
98.080001831055,0.060695689171553,	0.23431004583836,	0.49972870945930  ,0.83111983537674
98.139999389648,0.058890137821436,	0.23505394160748,	0.49263522028923  ,0.83524960279465
98.199996948242,0.057077147066593,	0.23578512668610,	0.48550495505333  ,0.83931982517242
98.260002136230,0.055256783962250,	0.23650349676609,	0.47833827137947  ,0.84332984685898
98.319999694824,0.053429126739502,	0.23720906674862,	0.47113582491875  ,0.84727954864502
98.379997253418,0.051594242453575,	0.23790173232555,	0.46389803290367  ,0.85116845369339
98.440002441406,0.049752186983824,	0.23858147859573,	0.45662537217140  ,0.85499620437622
98.500000000000,0.047903060913086,	0.23924821615219,	0.44931837916374  ,0.85876262187958
98.559997558594,0.046046916395426,	0.23990194499493,	0.44197744131088  ,0.86246722936630
98.620002746582,0.044183824211359,	0.24054257571697,	0.43460315465927  ,0.86610978841782
98.680000305176,0.042313858866692,	0.24117007851601,	0.42719596624374  ,0.86968976259232
98.739997863770,0.040437091141939,	0.24178437888622,	0.41975641250610  ,0.87320715188980
98.800003051758,0.038553591817617,	0.24238543212414,	0.41228497028351  ,0.87666159868240
98.860000610352,0.036663427948952,	0.24297320842743,	0.40478217601776  ,0.88005250692368
98.919998168945,0.034766677767038,	0.24354764819145,	0.39724853634834  ,0.88337969779968
98.980003356934,0.032863404601812,	0.24410869181156,	0.38968452811241  ,0.88664305210114
99.040000915527,0.030953679233789,	0.24465630948544,	0.38209071755409  ,0.88984203338623
99.099998474121,0.029037578031421,	0.24519044160843,	0.37446758151054  ,0.89297646284103
99.160003662109,0.027115171775222,	0.24571104347706,	0.36681568622589  ,0.89604598283768
99.220001220703,0.025186523795128,	0.24621801078320,	0.35913553833961  ,0.89905029535294
99.279998779297,0.023251710459590,	0.24671138823032,	0.35142770409584  ,0.90198922157288
99.339996337891,0.021310798823833,	0.24719107151031,	0.34369263052940  ,0.90486228466034
99.400001525879,0.019363868981600,	0.24765701591969,	0.33593091368675  ,0.90766942501068
99.459999084473,0.017410980537534,	0.24810919165611,	0.32814311981201  ,0.91041016578674
99.519996643066,0.015452209860086,	0.24854752421379,	0.32032975554466  ,0.91308444738388
99.580001831055,0.013487625867128,	0.24897196888924,	0.31249138712883  ,0.91569173336029
99.639999389648,0.011517299339175,	0.24938249588013,	0.30462855100632  ,0.91823202371597
99.699996948242,0.0095413019880652,	0.24977906048298,	0.29674172401428  ,0.92070484161377
99.760002136230,0.0075597036629915,	0.25016158819199,	0.28883159160614  ,0.92311006784439
99.819999694824,0.0055725765414536,	0.25053006410599,	0.28089860081673  ,0.92544740438461
99.879997253418,0.0035799886099994,	0.25088438391685,	0.27294337749481  ,0.92771661281586
99.940002441406,0.0015820129774511,	0.25122454762459,	0.26496648788452  ,0.92991745471954
100.00000000000,-0.00042128062341362, 0.25155049562454,	0.25696846842766  ,0.93204969167709

